,,,,,,,,,,"2018 Identifications
(only includes those which were also identified in 2024 or 2025)",,,,"2019 Identifications
(only includes those which were also identified in 2024 or 2025)",,,,"2022 Identifications
(only includes those which were also identified 2024 or 2025)",,,,"2023 Identifications
(only includes those which were also identified 2024 or 2025)",,,,2024 Identifications,,,,2025 Identifications,,,,Initial Year of Identification by Type for Schools Identified in 2024,,,,2025 Exit Status for Schools Identified in 2024,Initial Proficiency Indices for Schools Identified for Achievement and Growth in 2024,,,,,,2025 Performance,,,,,,,,,,,,Initial Year of Identification by Type for Schools Identified in 2025,,
District Code,District Name,School Code,School Name,Grade Span,Group,GroupCode,Identified Since,Min Enrolled Grade,Max Enrolled Grade,Identified,Achievement & Growth,Graduation,Overall Low Performance,Identified,Achievement & Growth,Graduation,Overall Low Performance,Identified,Achievement & Growth,Graduation,Overall Low Performance,Identified,Achievement & Growth,Graduation,Overall Low Performance,Identified,Achievement & Growth,Graduation,Overall Low Performance,Identified,Achievement & Growth,Graduation,Overall Low Performance,ATSI - Any Reason,Achievement & Growth,Graduation,Overall Low Performance,,Initial ELA Proficiency Index,Initial ELA Achievement Points,Initial Math Proficiency Index,Initial Math Achievement Points,Initial Science Proficiency Index,Initial Science Proficiency Points,# Students ELA Achievement,ELA Proficiency Index,# Students Math Achievement,Math Proficiency Index,# Students Science Proficiency,Science Proficiency Index,ELA Growth Denominator,ELA Growth Index,Math Growth Denominator,Math Growth Index,Graduation Base Rate Denominator,Graduation Base (4-Year) Rate,Achievement & Growth,Graduation,Overall Low Performance
04,Central Falls,04108,Central Falls Senior High School,H,Students with Disabilities,IEP,2018,9,12,Y,Y,Y,Y,Y,Y,Y,,Y,Y,Y,,Y,Y,Y,Y,Y,Y,Y,Y,Y,Y,Y,Y,2018,2018,2018,2023,No,8,1,4,1,,,48,1,48,1,49,17,32,0.44,33,0.61,44,52%,2018,2018,2023
07,Cranston,07113,Cranston High School East,H,Students with Disabilities,IEP,2018,9,12,Y,Y,,Y,Y,Y,,,Y,Y,,,Y,Y,Y,,Y,Y,,,Y,Y,Y,,2018,2018,,,No,15,1,12,1,,,106,17,106,9,105,29,88,0.74,88,0.59,59,66%,2018,2025,
07,Cranston,07124,George J. Peters School,E,Students with Disabilities,IEP,2018,0,5,Y,Y,,,Y,Y,,,Y,Y,,,Y,Y,,Y,Y,Y,,,Y,Y,,,2018,2018,,,No,18,1,8,1,,,50,20,50,16,13,21,26,0.69,26,0.50,,,2018,,
07,Cranston,07135,Apprenticeship Exploration School,H,Economically Disadvantaged,FRL,2018,9,12,Y,Y,,Y,Y,Y,,,Y,Y,,,Y,Y,,,Y,Y,,,Y,Y,,,2018,2018,,,No,28,1,14,1,,,63,22,63,9,57,28,58,0.55,59,0.58,40,85%,2018,,
16,Johnston,16109,Winsor Hill School,E,Students with Disabilities,IEP,2018,1,5,Y,Y,,,Y,Y,,,Y,Y,,,Y,Y,,,Y,Y,,,Y,Y,,,2018,2018,,,No,16,1,14,1,,,68,16,68,15,19,21,41,0.54,41,0.68,,,2018,,
21,Newport,21107,Claiborne Pell Elementary School,E,Students with Disabilities,IEP,2018,-1,4,Y,Y,,Y,Y,Y,,,Y,Y,,,Y,Y,,,Y,Y,,,Y,Y,,,2018,2018,,,No,16,1,13,1,,,151,18,149,21,72,13,72,0.78,73,0.63,,,2018,,
21,Newport,21111,Rogers High School,H,English Learners,LEP,2018,9,12,Y,,Y,,Y,Y,Y,,Y,Y,,Y,Y,Y,,Y,Y,Y,,,Y,Y,,Y,2018,2019,,,No,9,1,11,1,,,41,3,41,3,41,28,34,0.50,39,0.46,30,80%,2019,,2025
26,Pawtucket,26105,William E Tolman Senior High School,H,Students with Disabilities,IEP,2018,9,12,Y,Y,,Y,Y,Y,,Y,Y,Y,Y,Y,Y,Y,Y,Y,Y,Y,Y,Y,Y,Y,,Y,2018,2018,2022,2018,No,3,1,2,1,,,87,4,87,3,86,15,68,0.63,67,0.49,66,73%,2018,,2018
26,Pawtucket,26106,Samuel Slater Middle School,M,Black or African American,BL7,2018,6,8,Y,Y,,Y,Y,Y,,Y,Y,Y,,Y,Y,Y,,Y,Y,Y,,Y,Y,Y,,Y,2018,2018,,2018,No,19,1,23,1,,,474,18,470,21,167,21,440,0.73,448,0.68,,,2018,,2018
26,Pawtucket,26106,Samuel Slater Middle School,M,Economically Disadvantaged,FRL,2018,6,8,Y,Y,,Y,Y,Y,,Y,Y,Y,,Y,Y,Y,,Y,Y,Y,,Y,Y,Y,,Y,2018,2018,,2018,No,20,1,25,1,,,863,17,858,20,289,22,806,0.70,832,0.65,,,2018,,2018
26,Pawtucket,26106,Samuel Slater Middle School,M,Hispanic,HI7,2018,6,8,Y,,,Y,Y,Y,,Y,Y,Y,,Y,Y,Y,,Y,Y,Y,,Y,Y,Y,,Y,2018,2019,,2018,No,24,1,25,1,,,332,17,329,18,117,22,297,0.70,318,0.65,,,2019,,2018
26,Pawtucket,26106,Samuel Slater Middle School,M,Students with Disabilities,IEP,2018,6,8,Y,Y,,Y,Y,Y,,Y,Y,Y,,Y,Y,Y,,Y,Y,Y,,Y,Y,Y,,Y,2018,2018,,2018,No,2,1,5,1,,,201,3,198,5,65,9,185,0.67,181,0.70,,,2018,,2018
26,Pawtucket,26106,Samuel Slater Middle School,M,English Learners,LEP,2018,6,8,Y,Y,,Y,Y,Y,,Y,Y,Y,,Y,Y,Y,,Y,Y,Y,,,Y,Y,,,2018,2018,,,No,10,1,15,1,,,351,9,348,14,113,11,306,0.76,340,0.70,,,2018,,
26,Pawtucket,26106,Samuel Slater Middle School,M,Two or More Races,MU7,2018,6,8,Y,,,Y,Y,Y,,Y,Y,Y,,Y,Y,Y,,Y,Y,,,Y,Y,Y,,Y,2018,,,2018,No,,,,,,,60,16,60,23,23,22,58,0.66,58,0.69,,,2025,,2018
26,Pawtucket,26106,Samuel Slater Middle School,M,White,WH7,2018,6,8,Y,,,Y,Y,,,Y,Y,Y,,Y,Y,Y,,Y,Y,Y,,Y,Y,Y,,Y,2018,2022,,2018,No,21,1,17,1,,,190,20,190,22,57,20,187,0.70,189,0.77,,,2022,,2018
26,Pawtucket,26113,Fallon Memorial School,E,Students with Disabilities,IEP,2018,-1,5,Y,Y,,,Y,Y,,,Y,Y,,,Y,Y,,,Y,Y,,,Y,Y,,,2018,2018,,,No,15,1,11,1,,,87,10,87,17,31,10,56,0.57,56,0.63,,,2018,,
26,Pawtucket,26118,Charles E. Shea High School,H,Students with Disabilities,IEP,2018,9,12,Y,,Y,,Y,Y,,Y,Y,Y,Y,Y,Y,Y,,,Y,Y,,Y,Y,Y,Y,Y,2018,2019,,2024,No,2,1,2,1,,,69,9,69,5,69,18,48,0.50,48,0.25,27,63%,2019,2025,2024
26,Pawtucket,26121,M. Virginia Cunningham School,E,Students with Disabilities,IEP,2018,0,5,Y,Y,,,Y,Y,,,Y,Y,,,Y,Y,,Y,Y,Y,,,Y,Y,,,2018,2018,,,No,11,1,5,1,,,62,8,61,9,24,6,43,0.65,43,0.72,,,2018,,
28,Providence,28113,Dr. Jorge Alvarez High School,H,Students with Disabilities,IEP,2018,9,12,Y,,Y,,Y,,Y,,Y,,Y,Y,Y,Y,Y,Y,Y,Y,Y,Y,Y,Y,,Y,2018,2023,2018,2022,No,9,1,7,1,16,1,24,10,24,0,24,17,21,0.52,21,0.38,28,71%,2023,,2022
28,Providence,28139,Central High School,H,Students with Disabilities,IEP,2018,9,12,Y,Y,Y,,Y,Y,Y,,Y,Y,,,Y,Y,,,Y,Y,,,Y,Y,,,2018,2018,,,No,3,1,3,1,,,47,4,47,0,46,11,31,0.71,30,0.43,44,75%,2018,,
28,Providence,28139,Central High School,H,English Learners,LEP,2018,9,12,Y,,Y,,Y,Y,Y,,Y,Y,,,Y,Y,,,Y,Y,,Y,Y,Y,,,2018,2019,,2024,No,6,1,7,1,,,252,5,252,2,247,20,198,0.63,198,0.65,111,77%,2019,,
28,Providence,28143,Nathan Bishop Middle School,M,Students with Disabilities,IEP,2018,6,8,Y,Y,,Y,Y,Y,,Y,Y,Y,,Y,Y,Y,,Y,Y,Y,,Y,Y,Y,,Y,2018,2018,,2018,No,10,1,7,1,,,279,11,278,10,91,16,240,0.66,241,0.65,,,2018,,2018
28,Providence,28147,Roger Williams Middle School,M,Students with Disabilities,IEP,2018,6,8,Y,Y,,Y,Y,Y,,Y,Y,Y,,Y,Y,Y,,Y,Y,Y,,Y,Y,Y,,Y,2018,2018,,2018,No,4,1,3,1,,,232,2,225,5,69,3,202,0.45,190,0.71,,,2018,,2018
28,Providence,28149,Hope High School,H,Students with Disabilities,IEP,2018,9,12,Y,Y,Y,Y,Y,Y,Y,,Y,Y,,,Y,Y,,,Y,Y,Y,Y,Y,Y,Y,Y,2018,2018,2024,2024,No,4,1,2,1,,,62,10,62,6,63,23,39,0.54,38,0.66,45,24%,2018,2024,2024
28,Providence,28149,Hope High School,H,English Learners,LEP,2018,9,12,Y,Y,,,Y,Y,,,Y,,Y,Y,Y,Y,Y,Y,Y,Y,Y,,Y,Y,Y,Y,2018,2023,2022,,No,11,1,7,1,23,1,162,7,162,3,158,26,101,0.81,112,0.63,92,66%,2023,2022,2025
28,Providence,28149,Hope High School,H,Two or More Races,MU7,2018,9,12,Y,,Y,,Y,,Y,,Y,,Y,,Y,,Y,,Y,,Y,,Y,,Y,,2018,,2018,,No,,,,,,,16,42,16,19,16,46,13,0.62,13,0.85,20,45%,,2018,
28,Providence,28150,Mount Pleasant High School,H,Economically Disadvantaged,FRL,2018,9,12,Y,Y,Y,,Y,Y,,,Y,Y,,,Y,Y,,,Y,Y,,Y,Y,Y,,Y,2018,2018,,2024,No,15,1,8,1,,,435,19,435,7,435,25,338,0.79,335,0.77,268,72%,2018,,2024
28,Providence,28150,Mount Pleasant High School,H,Hispanic,HI7,2018,9,12,Y,Y,Y,,Y,Y,Y,,Y,Y,,,Y,Y,,,Y,Y,Y,Y,Y,Y,,Y,2018,2018,2024,2024,No,16,1,8,1,,,352,18,352,7,351,25,276,0.75,274,0.77,206,70%,2018,,2024
28,Providence,28150,Mount Pleasant High School,H,Students with Disabilities,IEP,2018,9,12,Y,,Y,,Y,Y,Y,,Y,,Y,,Y,Y,,,Y,Y,Y,Y,Y,Y,Y,Y,2018,2023,2024,2024,No,12,1,8,1,20,1,66,7,66,4,66,21,37,0.54,37,0.35,48,48%,2023,2024,2024
28,Providence,28150,Mount Pleasant High School,H,English Learners,LEP,2018,9,12,Y,Y,Y,,Y,Y,Y,,Y,Y,,,Y,Y,Y,,Y,Y,Y,Y,Y,Y,,Y,2018,2018,2023,2024,No,5,1,2,1,,,232,8,232,5,231,22,189,0.62,189,0.69,119,67%,2018,,2024
28,Providence,28150,Mount Pleasant High School,H,White,WH7,2018,9,12,Y,,Y,,Y,,Y,,Y,,Y,,Y,,Y,,Y,,Y,Y,Y,Y,,Y,2018,,2018,2024,No,,,,,,,20,18,20,4,20,19,15,0.53,15,0.60,22,68%,2025,,2024
28,Providence,28181,Anthony Carnevale Elementary School,E,Students with Disabilities,IEP,2018,-1,5,Y,Y,,,Y,Y,,Y,Y,Y,,,Y,Y,,,Y,Y,,,Y,Y,,,2018,2018,,,No,14,1,12,1,,,130,11,130,22,38,12,58,0.64,58,0.59,,,2018,,
28,Providence,28187,E-Cubed Academy,H,Students with Disabilities,IEP,2018,9,12,Y,,Y,,Y,Y,Y,,Y,,Y,Y,Y,,Y,Y,Y,,,Y,Y,Y,,,2018,,,2022,No,,,,,,,33,14,33,2,33,22,33,0.61,33,0.58,24,83%,2025,,
28,Providence,28194,West Broadway Middle School,M,Students with Disabilities,IEP,2018,5,8,Y,Y,,Y,Y,Y,,,Y,Y,,Y,Y,Y,,,Y,,,Y,Y,,,Y,2018,,,2024,No,,,,,,,151,5,149,8,69,10,140,0.66,141,0.83,,,,,2024
42,Sheila Skip Nowell Leadership Academy,28610,Sheila Skip Nowell Leadership Academy,H,Black or African American,BL7,2018,9,12,Y,,Y,,Y,,Y,,Y,,Y,,Y,,Y,,Y,,Y,,Y,,Y,,2018,,2018,,No,,,,,,,6,,6,,6,,2,,2,,27,30%,,2018,
42,Sheila Skip Nowell Leadership Academy,28610,Sheila Skip Nowell Leadership Academy,H,Economically Disadvantaged,FRL,2018,9,12,Y,,Y,,Y,,Y,,Y,,Y,,Y,,Y,,Y,,Y,,Y,Y,Y,,2018,,2018,,No,,,,,,,45,9,45,4,39,22,19,0.63,19,0.74,55,22%,2025,2018,
42,Sheila Skip Nowell Leadership Academy,28610,Sheila Skip Nowell Leadership Academy,H,Hispanic,HI7,2018,9,12,Y,,Y,,Y,,Y,,Y,Y,Y,,Y,Y,Y,,Y,Y,Y,,Y,Y,Y,,2018,2022,2018,,No,9,1,5,1,,,44,10,44,2,40,25,20,0.70,21,0.71,30,37%,2022,2018,
42,Sheila Skip Nowell Leadership Academy,28610,Sheila Skip Nowell Leadership Academy,H,Students with Disabilities,IEP,2018,9,12,Y,,Y,,Y,,Y,,Y,,Y,,Y,,Y,,Y,,Y,,Y,,Y,,2018,,2018,,No,,,,,,,7,,7,,5,,2,,2,,27,30%,,2018,
42,Sheila Skip Nowell Leadership Academy,28610,Sheila Skip Nowell Leadership Academy,H,English Learners,LEP,2018,9,12,Y,,Y,,Y,,Y,,Y,,Y,,Y,Y,Y,,Y,Y,Y,,Y,Y,Y,,2018,2023,2018,,No,5,1,5,1,9,,25,1,25,0,25,18,12,0.50,13,0.69,25,48%,2023,2018,
35,Warwick,35104,Oakland Beach Elementary School,E,Students with Disabilities,IEP,2018,-1,5,Y,Y,,,Y,Y,,,Y,Y,,,Y,Y,,,Y,Y,,,Y,Y,,,2018,2018,,,No,14,1,10,1,,,92,11,92,16,30,9,53,0.49,55,0.49,,,2018,,
38,West Warwick,38106,West Warwick Senior High School,H,Students with Disabilities,IEP,2018,9,12,Y,Y,Y,Y,Y,Y,,Y,Y,Y,,,Y,Y,,,Y,Y,,Y,Y,Y,,,2018,2018,,2024,No,22,1,5,1,,,117,19,117,7,115,23,94,0.73,91,0.60,54,78%,2018,,
39,Woonsocket,39123,Woonsocket High School,H,Hispanic,HI7,2018,9,12,Y,,Y,,Y,,Y,,Y,,Y,,Y,,Y,,Y,,Y,,Y,,Y,,2018,,2018,,No,,,,,,,233,28,233,14,229,30,188,0.70,188,0.73,102,62%,,2018,
39,Woonsocket,39123,Woonsocket High School,H,Students with Disabilities,IEP,2018,9,12,Y,Y,Y,Y,Y,Y,Y,,Y,Y,Y,,Y,Y,Y,Y,Y,Y,Y,,Y,Y,Y,,2018,2018,2018,,No,9,1,6,1,,,162,14,162,6,159,21,102,0.64,102,0.43,85,55%,2018,2018,
98,Chariho,98108,Chariho Alternative Learning Academy,S,Economically Disadvantaged,FRL,2018,0,12,Y,,Y,,Y,Y,Y,,Y,,Y,,Y,,Y,Y,Y,,Y,Y,Y,,Y,Y,2018,,2018,2023,No,,,,,,,35,23,35,11,20,30,27,0.74,28,0.82,25,64%,,2018,2023
04,Central Falls,04108,Central Falls Senior High School,H,American Indian or Alaska Native,AM7,2019,9,12,,,,,Y,Y,,,Y,,Y,Y,Y,,Y,,Y,Y,Y,,Y,Y,Y,,2019,2024,2022,,No,13,1,10,1,28,,23,8,23,3,21,25,17,0.47,19,0.79,43,49%,2024,2022,
04,Central Falls,04108,Central Falls Senior High School,H,Black or African American,BL7,2019,9,12,,,,,Y,Y,,,Y,Y,,,Y,Y,Y,Y,Y,Y,,,Y,Y,,,2019,2019,,,No,20,1,19,1,,,74,9,74,5,74,29,62,0.52,66,0.64,25,80%,2019,,
04,Central Falls,04108,Central Falls Senior High School,H,English Learners,LEP,2019,9,12,,,,,Y,Y,,,Y,Y,Y,Y,Y,Y,Y,,Y,Y,Y,Y,Y,Y,Y,,2019,2019,2022,2024,No,3,1,4,1,,,207,6,207,4,205,27,164,0.59,187,0.61,105,65%,2019,2022,
21,Newport,21106,Frank E. Thompson Middle School,M,Economically Disadvantaged,FRL,2019,5,8,,,,,Y,,,Y,Y,,,Y,Y,Y,,Y,Y,Y,,,Y,Y,,,2019,2023,,,No,20,1,20,1,23,1,716,19,715,20,370,21,640,0.79,670,0.75,,,2023,,
26,Pawtucket,26105,William E Tolman Senior High School,H,Two or More Races,MU7,2019,9,12,,,,,Y,,,Y,Y,,Y,Y,Y,,Y,Y,Y,Y,Y,Y,Y,Y,Y,Y,2019,2024,2022,2019,No,15,1,6,1,23,1,32,13,32,3,32,19,29,0.34,29,0.62,32,59%,2024,2022,2019
26,Pawtucket,26118,Charles E. Shea High School,H,Economically Disadvantaged,FRL,2019,9,12,,,,,Y,Y,,,Y,Y,,,Y,Y,,Y,Y,Y,,Y,Y,Y,,Y,2019,2019,,2023,No,26,1,15,1,,,277,23,277,11,277,28,231,0.72,233,0.67,202,74%,2019,,2023
28,Providence,28113,Dr. Jorge Alvarez High School,H,English Learners,LEP,2019,9,12,,,,,Y,Y,Y,,Y,Y,Y,Y,Y,Y,Y,,Y,Y,Y,Y,Y,Y,,Y,2019,2019,2019,2024,No,4,1,3,1,,,89,6,89,2,87,22,60,0.75,85,0.69,97,75%,2019,,2024
28,Providence,28181,Anthony Carnevale Elementary School,E,Black or African American,BL7,2019,-1,5,,,,,Y,Y,,,Y,Y,,,Y,Y,,,Y,Y,,,Y,Y,,,2019,2019,,,No,25,1,24,1,,,42,16,42,26,16,25,22,0.64,22,0.68,,,2019,,
28,Providence,28189,"William B. Cooley, Sr. High School and the Provide",H,English Learners,LEP,2019,9,12,,,,,Y,Y,Y,,Y,Y,,,Y,Y,,Y,Y,Y,Y,,Y,Y,,,2019,2019,2024,,No,9,1,3,1,,,149,11,149,7,147,23,110,0.74,116,0.70,95,87%,2019,,
35,Warwick,35134,Pilgrim High School,H,Students with Disabilities,IEP,2019,9,12,,,,,Y,Y,,,Y,Y,,,Y,Y,,Y,Y,Y,,Y,Y,Y,,,2019,2019,,2023,No,23,1,9,1,,,67,15,67,7,65,30,50,0.62,50,0.60,44,80%,2019,,
58,Beacon Charter School,39603,Founders Academy,M,Students with Disabilities,IEP,2019,6,8,,,,,Y,Y,,,Y,,,Y,Y,,,Y,Y,Y,,Y,Y,Y,,,2019,2024,,2022,No,10,1,11,1,19,1,74,8,74,10,23,14,71,0.73,71,0.65,,,2024,,
04,Central Falls,04101,Ella Risk School,E,Students with Disabilities,IEP,2022,0,5,Y,Y,,,,,,,Y,Y,,,Y,Y,,,Y,Y,,,Y,Y,,,2022,2022,,,No,17,1,17,1,,,82,9,82,15,22,3,50,0.52,50,0.90,,,2022,,
04,Central Falls,04108,Central Falls Senior High School,H,White,WH7,2022,9,12,Y,,Y,,,,,,Y,Y,,,Y,,Y,,Y,Y,,,Y,Y,Y,,2022,2024,,,No,10,1,6,1,30,1,84,11,84,5,81,27,69,0.52,75,0.55,48,63%,2024,2025,
07,Cranston,07128,Glen Hills School,E,Students with Disabilities,IEP,2022,-1,5,,,,,,,,,Y,Y,,Y,Y,Y,,,Y,Y,,,Y,Y,,,2022,2022,,,No,13,1,11,1,,,40,13,40,13,11,9,24,0.63,24,0.67,,,2022,,
47,"Blackstone Valley Prep, A RI Mayoral Academy",08606,Blackstone Valley Prep Upper Elementary School,M,Students with Disabilities,IEP,2022,5,6,,,,,,,,,Y,Y,,Y,Y,Y,,Y,Y,Y,,Y,Y,Y,,Y,2022,2022,,2022,No,11,1,16,1,,,127,10,127,17,66,17,119,0.76,120,0.78,,,2022,,2022
10,East Providence,10117,Emma G. Whiteknact School,E,Students with Disabilities,IEP,2022,0,5,Y,Y,,,,,,,Y,Y,,,Y,Y,,,Y,Y,,,Y,Y,,,2022,2022,,,No,7,1,17,1,,,62,8,62,11,12,22,23,0.61,23,0.61,,,2022,,
16,Johnston,16112,Johnston Senior High School,H,Students with Disabilities,IEP,2022,9,12,,,,,,,,,Y,Y,,,Y,Y,Y,Y,Y,Y,,,Y,,Y,,2022,2022,,,No,13,1,9,1,,,65,13,65,10,63,24,48,0.88,46,0.57,28,64%,,2025,
26,Pawtucket,26105,William E Tolman Senior High School,H,Economically Disadvantaged,FRL,2022,9,12,,,,,,,,,Y,,Y,,Y,Y,,Y,Y,Y,Y,Y,Y,Y,,Y,2022,2023,2024,2023,No,20,1,10,1,22,1,299,24,299,9,295,27,234,0.68,236,0.61,238,72%,2023,,2023
26,Pawtucket,26105,William E Tolman Senior High School,H,English Learners,LEP,2022,9,12,,,,,,,,,Y,Y,,,Y,Y,,,Y,Y,,,Y,Y,,,2022,2022,,,No,6,1,5,1,,,130,7,130,5,128,20,95,0.59,104,0.56,60,83%,2022,,
26,Pawtucket,26118,Charles E. Shea High School,H,White,WH7,2022,9,12,,,,,,,,,Y,Y,,Y,Y,Y,Y,,Y,,,Y,Y,,,Y,2022,,,2024,No,,,,,,,67,28,67,16,67,28,55,0.65,55,0.76,34,68%,,,2024
28,Providence,28127,Webster Avenue School,E,Students with Disabilities,IEP,2022,0,5,,,,,,,,,Y,Y,,,Y,Y,,,Y,Y,,,Y,Y,,,2022,2022,,,No,11,1,6,1,,,89,7,89,9,37,6,63,0.57,64,0.42,,,2022,,
28,Providence,28130,Veazie Street School,E,Students with Disabilities,IEP,2022,-1,5,,,,,,,,,Y,Y,,,Y,Y,,,Y,Y,,,Y,Y,,,2022,2022,,,No,11,1,22,1,,,86,18,85,26,29,13,50,0.52,51,0.53,,,2022,,
28,Providence,28137,Esek Hopkins Middle School,M,Black or African American,BL7,2022,6,8,,,,,,,,,Y,Y,,,Y,Y,,,Y,Y,,Y,Y,Y,,,2022,2022,,2024,No,16,1,9,1,,,129,15,129,13,46,20,106,0.66,113,0.61,,,2022,,
28,Providence,28137,Esek Hopkins Middle School,M,Economically Disadvantaged,FRL,2022,6,8,,,,,,,,,Y,Y,,,Y,Y,,,Y,Y,,Y,Y,Y,,Y,2022,2022,,2024,No,19,1,15,1,,,611,12,607,11,195,17,519,0.64,534,0.58,,,2022,,2024
28,Providence,28137,Esek Hopkins Middle School,M,Hispanic,HI7,2022,6,8,,,,,,,,,Y,Y,,,Y,Y,,,Y,Y,,Y,Y,Y,,Y,2022,2022,,2024,No,19,1,16,1,,,454,13,451,11,147,18,373,0.66,390,0.59,,,2022,,2024
28,Providence,28137,Esek Hopkins Middle School,M,Two or More Races,MU7,2022,6,8,,,,,,,,,Y,Y,,Y,Y,Y,,,Y,Y,,Y,Y,Y,,Y,2022,2022,,2024,No,21,1,10,1,,,35,12,35,14,12,22,33,0.73,30,0.77,,,2022,,2024
28,Providence,28137,Esek Hopkins Middle School,M,White,WH7,2022,6,8,,,,,,,,,Y,,,Y,Y,Y,,,Y,Y,,Y,Y,Y,,Y,2022,2023,,2024,No,14,1,13,1,13,,53,11,53,11,24,22,47,0.64,46,0.50,,,2023,,2024
28,Providence,28147,Roger Williams Middle School,M,Black or African American,BL7,2022,6,8,Y,,,Y,,,,,Y,,,Y,Y,Y,,Y,Y,Y,,Y,Y,Y,,,2022,2023,,2022,No,17,1,11,1,5,1,236,20,227,17,65,20,200,0.69,198,0.61,,,2023,,
28,Providence,28147,Roger Williams Middle School,M,Two or More Races,MU7,2022,6,8,,,,,,,,,Y,,,Y,Y,Y,,,Y,Y,,Y,Y,Y,,,2022,2023,,2024,No,21,1,17,1,21,,51,17,50,13,17,18,49,0.86,48,0.83,,,2023,,
42,Sheila Skip Nowell Leadership Academy,28610,Sheila Skip Nowell Leadership Academy,H,White,WH7,2022,9,12,,,,,,,,,Y,,Y,,Y,,Y,,Y,,Y,,Y,,Y,,2022,,2022,,No,,,,,,,8,,8,,6,,3,,3,,19,21%,,2022,
35,Warwick,35123,Lippitt School,E,Students with Disabilities,IEP,2022,0,5,,,,,,,,,Y,Y,,,Y,Y,,,Y,Y,,,Y,Y,,,2022,2022,,,No,21,1,18,1,,,73,17,71,17,18,9,36,1.03,34,0.76,,,2022,,
39,Woonsocket,39123,Woonsocket High School,H,English Learners,LEP,2022,9,12,Y,Y,Y,Y,,,,,Y,Y,Y,,Y,Y,Y,Y,Y,Y,,,Y,Y,Y,,2022,2022,,,No,6,1,5,1,,,131,10,131,6,128,22,91,0.65,97,0.61,52,52%,2022,2025,
39,Woonsocket,39133,Pothier-Citizens Elementary Campus,E,Students with Disabilities,IEP,2022,-1,5,,,,,,,,,Y,Y,,,Y,Y,,,Y,Y,,,Y,Y,,,2022,2022,,,No,8,1,7,1,,,183,7,182,6,70,10,129,0.64,128,0.69,,,2022,,
58,Beacon Charter School,39603,Founders Academy,M,Black or African American,BL7,2022,6,8,,,,,,,,,Y,Y,,Y,Y,,,Y,Y,Y,,Y,Y,,,Y,2022,2024,,2022,No,16,1,18,1,9,,30,22,30,21,12,25,30,0.80,30,0.80,,,,,2022
48,Highlander,48602,Highlander Secondary Charter School,S,Students with Disabilities,IEP,2022,7,12,,,,,,,,,Y,Y,,,Y,,,Y,Y,Y,Y,Y,Y,Y,,,2022,2024,2024,2023,No,12,1,8,1,18,1,76,7,74,7,50,18,71,0.70,68,0.75,20,70%,2024,,
04,Central Falls,04115,Dr. Earl F. Calcutt Middle School,M,White,WH7,2022,6,8,,,,,,,,,Y,Y,,Y,Y,Y,,,Y,Y,,,Y,Y,,,2022,2022,,,No,20,1,12,1,,,200,17,199,17,73,21,166,0.91,185,0.90,,,2022,,
28,Providence,28139,Central High School,H,Economically Disadvantaged,FRL,2022,9,12,,,,,,,,,Y,Y,,,Y,Y,,,Y,Y,,,Y,Y,,,2022,2022,,,No,18,1,10,1,,,385,20,385,9,379,26,294,0.77,290,0.80,264,83%,2022,,
28,Providence,28160,Mary E. Fogarty Elementary School,E,Black or African American,BL7,2022,0,5,,,,,,,,,Y,Y,,,Y,Y,,,Y,Y,,,Y,Y,,,2022,2022,,,No,23,1,15,1,,,79,20,79,22,21,21,46,0.80,47,0.79,,,2022,,
04,Central Falls,04112,Raices Dual Language Academy at Margaret I. Robert,E,White,WH7,2023,0,5,,,,,,,,,,,,,Y,Y,,,Y,Y,,,Y,Y,,,2023,2023,,,No,13,1,9,1,,,19,19,19,30,3,,11,0.55,11,0.82,,,2023,,
10,East Providence,10113,Kent Heights School,E,Students with Disabilities,IEP,2023,0,5,,,,,,,,,,,,,Y,Y,,,Y,Y,,,Y,Y,,,2023,2023,,,No,9,1,10,1,5,,40,14,40,19,12,11,27,0.70,27,0.59,,,2023,,
21,Newport,21106,Frank E. Thompson Middle School,M,Black or African American,BL7,2023,5,8,Y,,,Y,Y,,,Y,,,,,Y,Y,,Y,Y,Y,,,Y,Y,,Y,2023,2023,,,No,15,1,15,1,19,1,95,21,95,20,48,16,83,0.77,83,0.83,,,2023,,2025
21,Newport,21106,Frank E. Thompson Middle School,M,Two or More Races,MU7,2023,5,8,Y,,,Y,,,,,,,,,Y,,,Y,Y,Y,,,Y,Y,,,2023,2024,,,No,19,1,21,1,21,1,133,22,133,22,77,21,115,0.73,120,0.68,,,2024,,
23,North Kingstown,23113,Suzanne M. Henseler Quidnessett Elementary School,E,Black or African American,BL7,2023,0,5,,,,,,,,,,,,,Y,,,Y,Y,,,Y,Y,,,Y,2023,,,2023,No,,,,,,,21,30,21,24,9,,15,0.93,15,0.27,,,,,2023
23,North Kingstown,23113,Suzanne M. Henseler Quidnessett Elementary School,E,English Learners,LEP,2023,0,5,,,,,,,,,,,,,Y,,,Y,Y,,,Y,Y,,,Y,2023,,,2023,No,,,,,,,18,19,18,37,6,,13,1.00,13,0.85,,,,,2023
26,Pawtucket,26105,William E Tolman Senior High School,H,Hispanic,HI7,2023,9,12,,,,,,,,,,,,,Y,,Y,,Y,Y,,Y,Y,Y,,Y,2023,2024,,2024,No,21,1,9,1,24,1,207,26,207,11,205,28,165,0.65,172,0.56,111,72%,2024,,2024
26,Pawtucket,26111,Nathanael Greene School,E,Students with Disabilities,IEP,2023,-1,5,Y,Y,,,Y,Y,,,,,,,Y,Y,,,Y,Y,,,Y,Y,,,2023,2023,,,No,11,1,11,1,5,,55,17,55,12,16,8,31,0.61,31,0.65,,,2023,,
26,Pawtucket,26118,Charles E. Shea High School,H,Two or More Races,MU7,2023,9,12,,,,,,,,,,,,,Y,,,Y,Y,Y,,,Y,Y,,Y,2023,2024,,,No,16,1,4,1,29,1,24,23,24,4,24,26,20,0.50,19,0.53,24,75%,2024,,2025
54,Blackstone Academy,26602,Blackstone Academy Charter School,H,Students with Disabilities,IEP,2023,9,12,,,,,,,,,,,,,Y,Y,,,Y,Y,,,Y,Y,,,2023,2023,,,No,3,1,8,1,14,1,18,6,18,4,18,20,18,0.67,18,0.39,20,80%,2023,,
28,Providence,28127,Webster Avenue School,E,Black or African American,BL7,2023,0,5,,,,,,,,,,,,,Y,,,Y,Y,,,Y,Y,,,Y,2023,,,2023,No,,,,,,,14,10,14,17,7,,11,0.64,13,0.69,,,,,2023
28,Providence,28137,Esek Hopkins Middle School,M,Students with Disabilities,IEP,2023,6,8,,,,,Y,,,Y,,,,,Y,Y,,,Y,Y,,Y,Y,Y,,,2023,2023,,2024,No,10,1,8,1,7,1,142,7,142,6,47,16,108,0.61,104,0.60,,,2023,,
28,Providence,28137,Esek Hopkins Middle School,M,English Learners,LEP,2023,6,8,,,,,,,,,,,,,Y,Y,,Y,Y,Y,,Y,Y,Y,,Y,2023,2023,,2023,No,11,1,13,1,13,1,267,7,264,9,90,15,207,0.64,240,0.68,,,2023,,2023
28,Providence,28147,Roger Williams Middle School,M,Economically Disadvantaged,FRL,2023,6,8,Y,Y,,Y,,,,,,,,,Y,Y,,,Y,Y,,Y,Y,Y,,Y,2023,2023,,2024,No,16,1,13,1,12,1,1138,18,1126,17,348,17,982,0.76,1026,0.71,,,2023,,2024
28,Providence,28149,Hope High School,H,Economically Disadvantaged,FRL,2023,9,12,Y,,Y,,Y,Y,,,,,,,Y,,,Y,Y,,Y,,Y,,Y,,2023,,2024,,No,,,,,,,284,25,284,10,279,36,192,0.94,194,0.89,192,64%,,2024,
28,Providence,28150,Mount Pleasant High School,H,Two or More Races,MU7,2023,9,12,Y,,Y,,Y,,Y,,,,,,Y,,Y,,Y,,Y,,Y,,,Y,2023,,2023,,No,,,,,,,17,16,17,4,17,20,12,0.92,12,0.42,28,71%,,,2025
49,Urban Collaborative,28167,Urban Collaborative Accelerated Program,M,Students with Disabilities,IEP,2023,7,8,,,,,Y,Y,,Y,,,,,Y,Y,,Y,Y,Y,,,Y,Y,,,2023,2023,,,No,6,1,8,1,9,1,31,4,31,4,14,10,31,1.00,30,0.97,,,2023,,
50,R.I. Sch for the Deaf,28702,Rhode Island School for the Deaf,S,English Learners,LEP,2023,-1,12,,,,,,,,,,,,,Y,Y,,,Y,Y,,,Y,Y,,,2023,2023,,,No,8,1,7,1,25,,22,17,22,9,8,,12,0.75,13,0.69,5,,2023,,
38,West Warwick,38107,John F. Deering Middle School,M,Students with Disabilities,IEP,2023,5,8,Y,Y,,Y,,,,,,,,,Y,Y,,Y,Y,Y,,Y,Y,Y,,Y,2023,2023,,2023,No,11,1,10,1,12,1,503,10,501,9,246,12,421,0.66,417,0.76,,,2023,,2023
39,Woonsocket,39101,Harris School,E,Students with Disabilities,IEP,2023,0,5,Y,Y,,,Y,Y,,Y,,,,,Y,Y,,Y,Y,Y,,,Y,Y,,Y,2023,2023,,,No,8,1,9,1,13,1,112,7,112,8,44,10,70,0.54,72,0.50,,,2023,,2025
39,Woonsocket,39119,Globe Park School,E,Students with Disabilities,IEP,2023,-1,5,Y,Y,,,Y,Y,,,,,,,Y,Y,,,Y,Y,,,Y,Y,,,2023,2023,,,No,11,1,15,1,8,1,167,8,166,11,52,13,86,0.42,85,0.55,,,2023,,
39,Woonsocket,39131,Woonsocket Middle School at Hamlet,M,Hispanic,HI7,2023,6,8,,,,,,,,,,,,,Y,Y,,Y,Y,Y,,,Y,Y,,,2023,2023,,,No,18,1,14,1,20,1,325,17,325,17,109,21,306,0.69,300,0.74,,,2023,,
39,Woonsocket,39131,Woonsocket Middle School at Hamlet,M,Students with Disabilities,IEP,2023,6,8,Y,,,Y,Y,,,Y,,,,,Y,Y,,Y,Y,Y,,,Y,Y,,Y,2023,2023,,,No,5,1,5,1,11,1,340,7,339,6,122,9,306,0.67,296,0.72,,,2023,,2025
39,Woonsocket,39131,Woonsocket Middle School at Hamlet,M,Two or More Races,MU7,2023,6,8,Y,,,Y,,,,,,,,,Y,,,Y,Y,Y,,,Y,Y,,,2023,2024,,,No,24,1,20,1,24,1,88,22,87,20,26,23,84,0.71,81,0.69,,,2024,,
58,Beacon Charter School,39603,Founders Academy,M,Economically Disadvantaged,FRL,2023,6,8,,,,,,,,,,,,,Y,,,Y,Y,,,Y,Y,,,Y,2023,,,2023,No,,,,,,,187,22,187,18,62,36,181,0.71,180,0.64,,,,,2023
58,Beacon Charter School,39603,Founders Academy,M,Hispanic,HI7,2023,6,8,,,,,,,,,,,,,Y,,,Y,Y,Y,,,Y,Y,,Y,2023,2024,,,No,25,1,18,1,29,1,116,22,116,16,42,34,114,0.68,113,0.71,,,2024,,2025
58,Beacon Charter School,39603,Founders Academy,M,English Learners,LEP,2023,6,8,,,,,,,,,,,,,Y,Y,,Y,Y,Y,,Y,Y,Y,,Y,2023,2023,,2023,No,13,1,14,1,,,25,9,25,11,9,,25,0.80,25,0.68,,,2023,,2023
62,The Greene School,97601,The Greene School,H,Students with Disabilities,IEP,2023,9,12,,,,,,,,,,,,,Y,Y,,,Y,Y,,,Y,Y,,,2023,2023,,,No,16,1,3,1,20,1,12,28,12,19,12,31,9,,9,,33,97%,2023,,
12,Foster,12101,Captain Isaac Paine Elementary School,E,Students with Disabilities,IEP,2023,-1,5,Y,Y,,,Y,Y,,,,,,,Y,Y,,,Y,Y,,,Y,Y,,,2023,2023,,,No,22,1,19,1,,,34,10,33,26,12,6,23,0.61,22,0.95,,,2023,,
21,Newport,21106,Frank E. Thompson Middle School,M,Students with Disabilities,IEP,2023,5,8,,,,,Y,Y,,,,,,,Y,Y,,Y,Y,Y,,,Y,Y,,,2023,2023,,,No,11,1,12,1,11,1,234,12,234,11,128,14,196,0.76,201,0.76,,,2023,,
28,Providence,28139,Central High School,H,Hispanic,HI7,2023,9,12,,,,,Y,,,Y,,,,,Y,Y,,,Y,Y,,,Y,Y,,,2023,2023,,,No,17,1,10,1,19,1,386,20,386,8,379,25,299,0.76,298,0.78,199,82%,2023,,
41,Achievement First Rhode Island,28615,AF Providence Mayoral Academy Middle,M,Students with Disabilities,IEP,2023,5,8,,,,,,,,,,,,,Y,Y,,Y,Y,Y,,,Y,Y,,,2023,2023,,,No,14,1,15,1,17,1,86,17,86,16,41,15,79,1.09,82,0.80,,,2023,,
38,West Warwick,38107,John F. Deering Middle School,M,American Indian or Alaska Native,AM7,2023,5,8,,,,,Y,Y,,Y,,,,,Y,,,Y,Y,Y,,Y,Y,Y,,,2023,2024,,2023,No,21,1,17,1,13,,25,14,25,21,13,21,22,0.91,21,1.00,,,2024,,
39,Woonsocket,39128,Kevin K. Coleman Elementary School,E,Hispanic,HI7,2023,0,5,Y,,,Y,Y,Y,,Y,,,,,Y,Y,,,Y,Y,,,Y,Y,,,2023,2023,,,No,17,1,18,1,16,1,82,16,82,19,32,10,55,0.78,56,0.77,,,2023,,
39,Woonsocket,39131,Woonsocket Middle School at Hamlet,M,Economically Disadvantaged,FRL,2023,6,8,,,,,,,,,,,,,Y,Y,,Y,Y,Y,,,Y,Y,,,2023,2023,,,No,22,1,19,1,19,1,749,18,746,18,251,22,691,0.71,678,0.75,,,2023,,
03,Burrillville,03109,Burrillville High School,H,Students with Disabilities,IEP,2024,9,12,Y,,Y,,Y,,Y,,,,,,,,,,Y,Y,Y,,Y,Y,,,2024,2024,2024,,No,22,1,15,1,22,1,47,15,47,9,47,18,42,0.60,42,0.83,21,71%,2024,,
04,Central Falls,04106,Veterans Memorial Elementary,E,Students with Disabilities,IEP,2024,0,5,Y,Y,,,Y,Y,,,Y,Y,,,,,,,Y,Y,,,Y,Y,,,2024,2024,,,No,7,1,9,1,14,1,90,6,90,9,28,6,49,0.76,52,0.77,,,2024,,
07,Cranston,07117,Edward S. Rhodes School,E,Students with Disabilities,IEP,2024,0,5,Y,Y,,Y,Y,Y,,,,,,,,,,,Y,Y,,,Y,Y,,,2024,2024,,,No,15,1,14,1,14,,50,11,50,9,12,17,32,0.59,33,0.52,,,2024,,
07,Cranston,07135,Apprenticeship Exploration School,H,Hispanic,HI7,2024,9,12,,,,,,,,,,,,,,,,,Y,Y,,,Y,Y,,,2024,2024,,,No,21,1,11,1,30,1,43,15,43,10,38,23,38,0.42,40,0.70,25,88%,2024,,
16,Johnston,16103,Thornton School,E,Students with Disabilities,IEP,2024,1,5,Y,Y,,Y,Y,Y,,Y,Y,Y,,Y,,,,,Y,Y,,,Y,Y,,,2024,2024,,,No,12,1,13,1,9,1,69,13,68,14,31,13,49,0.59,48,0.46,,,2024,,
19,Middletown,19111,Middletown High School,H,English Learners,LEP,2024,9,12,,,,,,,,,Y,,Y,,,,,,Y,,Y,,Y,,Y,,2024,,2024,,No,,,,,,,14,17,14,12,14,19,9,,13,0.62,26,62%,,2024,
26,Pawtucket,26103,Joseph Jenks Middle School,M,Black or African American,BL7,2024,6,8,,,,,Y,,,Y,,,,,,,,,Y,Y,,Y,Y,Y,,Y,2024,2024,,2024,No,24,1,21,1,22,1,376,22,374,21,136,17,347,0.70,349,0.62,,,2024,,2024
26,Pawtucket,26103,Joseph Jenks Middle School,M,Economically Disadvantaged,FRL,2024,6,8,,,,,Y,,,Y,,,,,,,,,Y,Y,,Y,Y,Y,,Y,2024,2024,,2024,No,23,1,20,1,23,1,828,22,823,21,276,20,740,0.73,754,0.62,,,2024,,2024
26,Pawtucket,26103,Joseph Jenks Middle School,M,Hispanic,HI7,2024,6,8,,,,,,,,,,,,,,,,,Y,Y,,Y,Y,Y,,Y,2024,2024,,2024,No,20,1,19,1,18,1,469,19,468,19,148,18,408,0.71,431,0.62,,,2024,,2024
26,Pawtucket,26103,Joseph Jenks Middle School,M,Students with Disabilities,IEP,2024,6,8,,,,,Y,,,Y,,,,,,,,,Y,Y,,Y,Y,Y,,Y,2024,2024,,2024,No,6,1,8,1,7,1,230,6,228,8,72,9,209,0.71,206,0.68,,,2024,,2024
26,Pawtucket,26103,Joseph Jenks Middle School,M,English Learners,LEP,2024,6,8,Y,Y,,,,,,,,,,,,,,,Y,Y,,Y,Y,Y,,Y,2024,2024,,2024,No,10,1,11,1,10,1,308,7,308,11,106,7,243,0.64,288,0.61,,,2024,,2024
26,Pawtucket,26103,Joseph Jenks Middle School,M,Two or More Races,MU7,2024,6,8,Y,Y,,Y,Y,Y,,Y,,,,,,,,,Y,,,Y,Y,,,Y,2024,,,2024,No,,,,,,,70,30,70,29,21,25,65,0.72,63,0.67,,,,,2024
26,Pawtucket,26103,Joseph Jenks Middle School,M,White,WH7,2024,6,8,,,,,,,,,,,,,,,,,Y,,,Y,Y,,,Y,2024,,,2024,No,,,,,,,266,31,264,30,92,30,252,0.81,246,0.63,,,,,2024
26,Pawtucket,26107,Lyman B. Goff Middle School,M,Students with Disabilities,IEP,2024,6,8,Y,Y,,Y,,,,,,,,,,,,,Y,Y,,Y,Y,,,Y,2024,2024,,2024,No,7,1,10,1,15,1,223,8,221,12,75,20,207,0.84,208,0.82,,,,,2024
26,Pawtucket,26118,Charles E. Shea High School,H,Hispanic,HI7,2024,9,12,Y,Y,,,Y,Y,,,Y,Y,,Y,,,,,Y,,,Y,Y,Y,Y,Y,2024,,,2024,No,,,,,,,125,24,125,11,125,32,95,0.69,97,0.66,67,61%,2025,2025,2024
26,Pawtucket,26118,Charles E. Shea High School,H,English Learners,LEP,2024,9,12,Y,Y,,,Y,Y,,,,,,,,,,,Y,Y,,Y,Y,Y,,Y,2024,2024,,2024,No,7,1,5,1,22,1,129,8,129,4,128,22,111,0.67,115,0.57,52,69%,2024,,2024
28,Providence,28143,Nathan Bishop Middle School,M,Economically Disadvantaged,FRL,2024,6,8,Y,Y,,Y,Y,Y,,Y,,,,,,,,,Y,,,Y,Y,,,Y,2024,,,2024,No,,,,,,,997,27,995,26,284,22,913,0.80,946,0.81,,,,,2024
28,Providence,28147,Roger Williams Middle School,M,White,WH7,2024,6,8,,,,,,,,,,,,,,,,,Y,,,Y,Y,Y,,,2024,,,2024,No,,,,,,,77,19,77,18,26,24,72,0.64,69,0.67,,,2025,,
28,Providence,28153,William D'Abate Elementary School,E,Students with Disabilities,IEP,2024,0,5,Y,Y,,,,,,,,,,,,,,,Y,Y,,,Y,Y,,,2024,2024,,,No,18,1,16,1,16,,79,16,78,15,16,10,44,0.59,44,0.66,,,2024,,
28,Providence,28182,Governor Christopher DelSesto Middle School,M,Economically Disadvantaged,FRL,2024,6,8,Y,Y,,Y,Y,Y,,Y,Y,Y,,Y,,,,,Y,,,Y,Y,Y,,,2024,,,2024,No,,,,,,,1209,16,1201,14,457,18,1043,0.78,1092,0.69,,,2025,,
28,Providence,28193,Providence Career and Technical Academy,H,Students with Disabilities,IEP,2024,9,12,,,,,Y,Y,,,Y,Y,,,,,,,Y,Y,,,Y,Y,,,2024,2024,,,No,9,1,5,1,26,1,48,11,48,5,47,27,45,0.60,45,0.62,39,72%,2024,,
28,Providence,28193,Providence Career and Technical Academy,H,English Learners,LEP,2024,9,12,,,,,,,,,,,,,,,,,Y,Y,,,Y,Y,,,2024,2024,,,No,5,1,6,1,28,1,119,9,119,5,116,27,114,0.54,116,0.66,40,93%,2024,,
28,Providence,28198,Times2 Middle/High School,S,English Learners,LEP,2024,6,12,,,,,,,,,,,,,,,,,Y,Y,,,Y,Y,,,2024,2024,,,No,20,1,18,1,26,1,97,18,97,18,34,26,92,0.58,94,0.61,6,,2024,,
28,Providence,28199,Aventure Academy,H,Economically Disadvantaged,FRL,2024,9,12,,,,,,,,,,,,,,,,,Y,Y,,,Y,Y,,,2024,2024,,,No,0,1,0,1,3,1,81,1,81,0,71,5,10,0.50,10,0.30,123,70%,2024,,
28,Providence,28199,Aventure Academy,H,Hispanic,HI7,2024,9,12,,,,,,,,,,,,,,,,,Y,Y,,,Y,Y,,,2024,2024,,,No,0,1,0,1,2,,61,3,61,2,49,4,6,,6,,82,77%,2024,,
28,Providence,28199,Aventure Academy,H,Students with Disabilities,IEP,2024,9,12,,,,,,,,,,,,,,,,,Y,Y,,,Y,Y,,,2024,2024,,,No,0,1,0,1,3,1,57,2,57,0,52,5,7,,7,,48,71%,2024,,
32,South Kingstown,32108,South Kingstown High School,H,Students with Disabilities,IEP,2024,9,12,Y,Y,Y,Y,Y,Y,Y,,Y,,,Y,,,,,Y,,Y,,Y,,Y,,2024,,2024,,No,,,,,,,25,15,25,1,25,31,19,0.79,19,0.58,33,61%,,2024,
35,Warwick,35139,Winman Middle School,M,Students with Disabilities,IEP,2024,6,8,,,,,,,,,,,,,,,,,Y,,,Y,Y,Y,,,2024,,,2024,No,,,,,,,234,14,231,16,83,13,216,0.70,208,0.63,,,2025,,
38,West Warwick,38107,John F. Deering Middle School,M,Black or African American,BL7,2024,5,8,,,,,,,,,,,,,,,,,Y,Y,,Y,Y,,,Y,2024,2024,,2024,No,19,1,18,1,16,1,119,21,119,19,61,17,106,0.73,106,0.83,,,,,2024
38,West Warwick,38107,John F. Deering Middle School,M,Two or More Races,MU7,2024,5,8,,,,,,,,,,,,,,,,,Y,Y,,Y,Y,,,Y,2024,2024,,2024,No,20,1,19,1,12,1,97,22,97,20,53,20,89,0.66,88,0.78,,,,,2024
39,Woonsocket,39101,Harris School,E,Hispanic,HI7,2024,0,5,Y,Y,,,Y,Y,,Y,,,,,,,,,Y,Y,,,Y,Y,,,2024,2024,,,No,17,1,18,1,21,1,118,19,116,21,36,19,82,0.68,79,0.73,,,2024,,
39,Woonsocket,39120,Leo A. Savoie School,E,Students with Disabilities,IEP,2024,0,5,,,,,,,,,Y,Y,,Y,,,,,Y,Y,,,Y,Y,,,2024,2024,,,No,17,1,20,1,10,1,65,17,64,14,18,11,32,0.53,32,0.72,,,2024,,
39,Woonsocket,39131,Woonsocket Middle School at Hamlet,M,White,WH7,2024,6,8,,,,,,,,,,,,,,,,,Y,Y,,,Y,Y,,,2024,2024,,,No,24,1,22,1,27,1,418,21,416,21,148,29,378,0.68,373,0.74,,,2024,,
79,RISE Prep Academy,39602,RISE Prep Lower Academy School,S,Students with Disabilities,IEP,2024,0,8,,,,,,,,,,,,,,,,,Y,Y,,,Y,Y,,,2024,2024,,,No,19,1,24,1,13,,81,17,81,21,29,20,64,0.70,64,0.78,,,2024,,
58,Beacon Charter School,39603,Founders Academy,M,Two or More Races,MU7,2024,6,8,,,,,,,,,,,,,,,,,Y,,,Y,Y,Y,,Y,2024,,,2024,No,,,,,,,31,24,31,18,7,,29,0.55,29,0.41,,,2025,,2024
85,YouthBuild Preparatory Academy,85701,YouthBuild Preparatory Academy School,H,Economically Disadvantaged,FRL,2024,9,12,,,,,,,,,,,,,,,,,Y,Y,Y,,Y,Y,Y,,2024,2024,2024,,No,1,1,0,1,4,1,45,5,45,1,47,7,12,0.58,12,0.33,62,44%,2024,2024,
07,Cranston,07125,Arlington School,E,Students with Disabilities,IEP,2024,-1,5,,,,,Y,Y,,,Y,Y,,Y,,,,,Y,Y,,,Y,Y,,,2024,2024,,,No,13,1,13,1,15,,34,14,33,12,12,6,24,0.63,23,0.83,,,2024,,
35,Warwick,35133,Warwick Neck School,E,Students with Disabilities,IEP,2024,0,5,,,,,,,,,Y,,,Y,,,,,Y,Y,,,Y,Y,,,2024,2024,,,No,20,1,15,1,29,,58,19,58,21,16,19,34,0.82,35,1.17,,,2024,,
39,Woonsocket,39101,Harris School,E,Economically Disadvantaged,FRL,2024,0,5,Y,Y,,,Y,,,Y,,,,,,,,,Y,Y,,,Y,Y,,,2024,2024,,,No,21,1,23,1,22,1,281,23,278,22,101,21,189,0.72,190,0.78,,,2024,,
39,Woonsocket,39128,Kevin K. Coleman Elementary School,E,Economically Disadvantaged,FRL,2024,0,5,Y,Y,,,Y,Y,,Y,,,,,,,,,Y,Y,,,Y,Y,,,2024,2024,,,No,20,1,17,1,24,1,173,19,172,19,59,19,100,0.77,105,0.88,,,2024,,
39,Woonsocket,39132,Woonsocket Middle School at Villa Nova,M,Hispanic,HI7,2024,6,8,,,,,,,,,,,,,,,,,Y,Y,,Y,Y,Y,,,2024,2024,,2024,No,13,1,15,1,21,1,360,15,360,16,137,20,327,0.86,326,0.80,,,2024,,
39,Woonsocket,39133,Pothier-Citizens Elementary Campus,E,Economically Disadvantaged,FRL,2024,-1,5,,,,,,,,,,,,,,,,,Y,Y,,,Y,Y,,,2024,2024,,,No,19,1,21,1,20,1,430,20,429,18,153,21,293,0.83,298,0.75,,,2024,,
39,Woonsocket,39133,Pothier-Citizens Elementary Campus,E,White,WH7,2024,-1,5,,,,,,,,,,,,,,,,,Y,Y,,,Y,Y,,,2024,2024,,,No,20,1,21,1,16,1,218,20,217,18,64,21,127,0.88,130,0.73,,,2024,,
81,Charette Charter,81601,Charette Charter School,H,Black or African American,BL7,2024,9,12,,,,,,,,,,,,,,,,,Y,Y,,,Y,Y,,,2024,2024,,,No,13,1,4,1,28,1,25,21,25,3,25,27,22,1.05,22,0.41,32,88%,2024,,
04,Central Falls,04115,Dr. Earl F. Calcutt Middle School,M,Students with Disabilities,IEP,,6,8,Y,Y,,Y,Y,Y,,Y,Y,Y,,Y,Y,Y,,Y,Y,Y,,Y,,,,,2018,2018,,2018,Yes,7,1,6,1,,,155,4,155,6,50,9,135,0.70,133,0.93,,,,,
10,East Providence,10112,East Providence High School,H,Students with Disabilities,IEP,,9,12,Y,Y,,,Y,Y,,,Y,Y,,Y,Y,Y,Y,Y,Y,Y,,,,,,,2018,2018,,,Yes,11,1,2,1,,,95,12,95,5,93,24,74,0.86,73,0.63,69,71%,,,
28,Providence,28113,Dr. Jorge Alvarez High School,H,Hispanic,HI7,,9,12,Y,,Y,,Y,Y,Y,,Y,Y,Y,Y,Y,Y,Y,Y,Y,,Y,,,,,,2018,,2018,,Yes,,,,,,,143,20,143,5,143,21,109,0.86,130,0.68,134,73%,,,
28,Providence,28139,Central High School,H,Black or African American,BL7,,9,12,Y,Y,,,Y,Y,,,Y,Y,,,Y,Y,,,Y,Y,,,,,,,2018,2018,,,Yes,26,1,15,1,,,54,23,54,6,52,24,43,0.88,41,0.73,37,89%,,,
28,Providence,28147,Roger Williams Middle School,M,Hispanic,HI7,,6,8,Y,Y,,Y,Y,,,Y,Y,,,Y,Y,Y,,,Y,Y,,Y,,,,,2018,2023,,2024,Yes,15,1,13,1,13,1,841,18,840,18,269,16,726,0.80,771,0.77,,,,,
28,Providence,28182,Governor Christopher DelSesto Middle School,M,Students with Disabilities,IEP,,6,8,Y,Y,,Y,Y,Y,,Y,Y,Y,,Y,Y,Y,,,Y,,,Y,,,,,2018,,,2024,Yes,,,,,,,260,11,259,8,84,17,203,0.84,200,0.81,,,,,
28,Providence,28194,West Broadway Middle School,M,English Learners,LEP,,5,8,Y,Y,,Y,Y,Y,,,Y,Y,,,Y,Y,,,Y,,,Y,,,,,2018,,,2024,Yes,,,,,,,487,13,485,19,216,15,452,0.82,472,0.89,,,,,
39,Woonsocket,39128,Kevin K. Coleman Elementary School,E,Students with Disabilities,IEP,,0,5,Y,Y,,Y,Y,Y,,Y,Y,Y,,,Y,Y,,Y,Y,Y,,,,,,,2018,2018,,,Yes,8,1,10,1,,,67,12,67,10,21,8,42,0.60,41,0.98,,,,,
98,Chariho,98108,Chariho Alternative Learning Academy,S,White,WH7,,0,12,Y,,Y,,Y,Y,Y,,Y,,Y,,Y,Y,Y,Y,Y,,Y,,,,,,2018,,2018,,Yes,,,,,,,49,26,49,14,31,28,40,0.80,41,0.59,21,86%,,,
04,Central Falls,04115,Dr. Earl F. Calcutt Middle School,M,Black or African American,BL7,,6,8,,,,,Y,Y,,,Y,Y,,Y,Y,Y,,Y,Y,,,Y,,,,,2019,,,2022,Yes,,,,,,,175,15,175,18,63,14,154,0.82,163,0.94,,,,,
07,Cranston,07119,Gladstone Street School,E,Students with Disabilities,IEP,,0,5,Y,Y,,,,,,,Y,Y,,,Y,Y,,,Y,Y,,,,,,,2022,2022,,,Yes,5,1,4,1,,,50,13,50,11,22,9,39,0.64,39,0.85,,,,,
24,North Providence,24106,Stephen Olney School,E,Students with Disabilities,IEP,,0,5,,,,,,,,,Y,Y,,,Y,Y,,,Y,Y,,,,,,,2022,2022,,,Yes,17,1,12,1,,,76,19,76,19,17,16,40,0.93,41,1.02,,,,,
28,Providence,28134,Frank D. Spaziano Elementary School,E,Students with Disabilities,IEP,,-1,5,,,,,,,,,Y,Y,,,Y,Y,,,Y,Y,,,,,,,2022,2022,,,Yes,10,1,15,1,,,52,21,52,23,12,19,35,0.89,35,0.74,,,,,
28,Providence,28161,Harry Kizirian Elementary School,E,Students with Disabilities,IEP,,-1,5,Y,Y,,Y,,,,,Y,Y,,,Y,Y,,,Y,Y,,,,,,,2022,2022,,,Yes,2,1,6,1,,,70,18,70,10,20,12,42,0.88,44,0.84,,,,,
35,Warwick,35128,Holliman School,E,Students with Disabilities,IEP,,0,5,Y,Y,,,,,,,Y,Y,,,Y,Y,,,Y,,,Y,,,,,2022,,,2024,Yes,,,,,,,45,19,45,16,17,18,30,1.03,30,1.03,,,,,
07,Cranston,07119,Gladstone Street School,E,Black or African American,BL7,,0,5,,,,,,,,,,,,,Y,Y,,,Y,Y,,,,,,,2023,2023,,,Yes,20,1,15,1,,,23,29,23,23,5,,11,0.82,12,1.08,,,,,
07,Cranston,07127,Stone Hill School,E,Students with Disabilities,IEP,,0,5,,,,,Y,Y,,,,,,,Y,Y,,,Y,Y,,,,,,,2023,2023,,,Yes,14,1,15,1,15,,35,16,35,24,9,,10,0.70,10,0.80,,,,,
08,Cumberland,08114,Cumberland High School,H,Students with Disabilities,IEP,,9,12,Y,Y,,,Y,Y,,,,,,,Y,,Y,,Y,Y,Y,,,,,,2023,2024,2023,,Yes,20,1,11,1,27,1,88,20,88,11,88,34,67,0.72,67,0.54,32,75%,,,
28,Providence,28127,Webster Avenue School,E,English Learners,LEP,,0,5,,,,,,,,,,,,,Y,,,Y,Y,Y,,,,,,,2023,2024,,,Yes,18,1,19,1,16,1,182,19,182,23,65,16,115,0.76,121,0.79,,,,,
28,Providence,28147,Roger Williams Middle School,M,English Learners,LEP,,6,8,Y,,,Y,Y,,,Y,,,,,Y,Y,,,Y,,,Y,,,,,2023,,,2024,Yes,,,,,,,613,11,612,15,190,11,504,0.79,575,0.80,,,,,
28,Providence,28189,"William B. Cooley, Sr. High School and the Provide",H,Black or African American,BL7,,9,12,,,,,Y,,Y,,,,,,Y,,,Y,Y,,,Y,,,,,2023,,,2023,Yes,,,,,,,30,21,30,16,30,26,26,0.92,26,0.81,40,83%,,,
28,Providence,28194,West Broadway Middle School,M,Black or African American,BL7,,5,8,Y,Y,,Y,Y,Y,,,,,,,Y,Y,,,Y,,,Y,,,,,2023,,,2024,Yes,,,,,,,79,28,79,26,29,21,78,0.85,79,0.73,,,,,
41,Achievement First Rhode Island,28614,Achievement First Iluminar Mayoral Academy,E,Students with Disabilities,IEP,,0,4,,,,,,,,,,,,,Y,Y,,,Y,Y,,,,,,,2023,2023,,,Yes,8,1,15,1,,,43,12,43,16,16,21,20,1.00,20,1.10,,,,,
30,Scituate,30104,Scituate High School,H,Students with Disabilities,IEP,,9,12,,,,,Y,Y,,,,,,,Y,,,Y,Y,Y,,,,,,,2023,2024,,,Yes,13,1,6,1,28,1,21,29,21,14,21,40,19,1.16,19,0.74,24,79%,,,
32,South Kingstown,32114,Broad Rock Middle School,M,Students with Disabilities,IEP,,6,8,Y,Y,,,Y,Y,,,,,,,Y,Y,,,Y,Y,,Y,,,,,2023,2023,,2024,Yes,15,1,19,1,20,1,134,16,134,22,43,22,123,0.89,120,1.00,,,,,
39,Woonsocket,39131,Woonsocket Middle School at Hamlet,M,Black or African American,BL7,,6,8,,,,,,,,,,,,,Y,Y,,Y,Y,Y,,,,,,,2023,2023,,,Yes,17,1,17,1,14,1,139,19,138,22,49,21,128,0.84,127,0.83,,,,,
39,Woonsocket,39132,Woonsocket Middle School at Villa Nova,M,Students with Disabilities,IEP,,6,8,,,,,Y,,,Y,,,,,Y,Y,,Y,Y,,,Y,,,,,2023,,,2023,Yes,,,,,,,251,10,252,10,94,10,210,0.87,208,0.73,,,,,
96,Bristol Warren,96112,Kickemuit Middle School,M,Black or African American,BL7,,6,8,,,,,,,,,,,,,Y,,,Y,Y,,,Y,,,,,2023,,,2023,Yes,,,,,,,21,33,21,24,8,,18,0.89,20,1.00,,,,,
47,"Blackstone Valley Prep, A RI Mayoral Academy",08605,Blackstone Valley Prep Elementary 3 School,E,Students with Disabilities,IEP,,0,4,,,,,,,,,,,,,,,,,Y,Y,,,,,,,2024,2024,,,Yes,18,1,22,1,18,,50,27,50,29,15,27,23,1.00,23,1.00,,,,,
17,Lincoln,17106,Lonsdale Elementary School,E,Economically Disadvantaged,FRL,,0,5,,,,,,,,,,,,,,,,,Y,,,Y,,,,,2024,,,2024,Yes,,,,,,,84,39,84,34,34,41,59,0.95,60,0.92,,,,,
17,Lincoln,17110,Lincoln Senior High School,H,Economically Disadvantaged,FRL,,9,12,,,,,,,,,,,,,,,,,Y,,Y,,,,,,2024,,2024,,Yes,,,,,,,119,54,119,37,119,49,106,1.04,105,0.93,99,81%,,,
21,Newport,21107,Claiborne Pell Elementary School,E,Black or African American,BL7,,-1,4,,,,,,,,,,,,,,,,,Y,Y,,,,,,,2024,2024,,,Yes,22,1,22,1,23,1,52,25,52,29,16,19,22,0.95,22,0.73,,,,,
23,North Kingstown,23110,Forest Park Elementary School,E,Students with Disabilities,IEP,,0,5,,,,,,,,,,,,,,,,,Y,Y,,,,,,,2024,2024,,,Yes,16,1,23,1,18,,53,24,53,31,17,20,33,0.88,33,1.00,,,,,
25,North Smithfield,25108,North Smithfield High School,H,Students with Disabilities,IEP,,9,12,,,,,,,,,Y,,Y,,,,,,Y,Y,Y,,,,,,2024,2024,2024,,Yes,14,1,6,1,30,1,32,33,32,23,32,42,28,0.93,28,0.68,38,74%,,,
26,Pawtucket,26107,Lyman B. Goff Middle School,M,Black or African American,BL7,,6,8,,,,,,,,,,,,,,,,,Y,,,Y,,,,,2024,,,2024,Yes,,,,,,,243,35,243,33,82,44,231,0.91,234,0.85,,,,,
26,Pawtucket,26107,Lyman B. Goff Middle School,M,Economically Disadvantaged,FRL,,6,8,Y,,,Y,,,,,,,,,,,,,Y,,,Y,,,,,2024,,,2024,Yes,,,,,,,740,32,738,31,245,42,691,0.91,704,0.81,,,,,
26,Pawtucket,26107,Lyman B. Goff Middle School,M,Hispanic,HI7,,6,8,Y,,,Y,,,,,,,,,,,,,Y,,,Y,,,,,2024,,,2024,Yes,,,,,,,412,31,409,30,128,34,383,0.89,388,0.80,,,,,
26,Pawtucket,26118,Charles E. Shea High School,H,Black or African American,BL7,,9,12,,,,,Y,Y,,,,,,,,,,,Y,Y,,,,,,,2024,2024,,,Yes,19,1,11,1,27,1,162,23,162,11,162,28,147,0.79,148,0.73,99,82%,,,
28,Providence,28103,Leviton Dual Language School,E,Students with Disabilities,IEP,,-1,5,,,,,Y,Y,,,,,,,,,,,Y,Y,,,,,,,2024,2024,,,Yes,13,1,15,1,,,23,24,22,33,8,,9,,9,,,,,,
28,Providence,28127,Webster Avenue School,E,Economically Disadvantaged,FRL,,0,5,,,,,,,,,,,,,,,,,Y,Y,,,,,,,2024,2024,,,Yes,23,1,23,1,18,1,272,26,272,26,97,20,176,0.73,182,0.75,,,,,
28,Providence,28127,Webster Avenue School,E,Hispanic,HI7,,0,5,,,,,,,,,,,,,,,,,Y,Y,,,,,,,2024,2024,,,Yes,24,1,24,1,21,1,256,29,256,28,90,21,164,0.75,169,0.76,,,,,
28,Providence,28134,Frank D. Spaziano Elementary School,E,Black or African American,BL7,,-1,5,,,,,,,,,,,,,,,,,Y,,,Y,,,,,2024,,,2024,Yes,,,,,,,22,35,21,41,7,,15,0.87,14,0.50,,,,,
28,Providence,28143,Nathan Bishop Middle School,M,Black or African American,BL7,,6,8,,,,,Y,,,Y,,,,,,,,,Y,,,Y,,,,,2024,,,2024,Yes,,,,,,,219,31,220,26,75,22,209,0.81,214,0.82,,,,,
28,Providence,28149,Hope High School,H,Black or African American,BL7,,9,12,,,,,,,,,Y,Y,,Y,,,,,Y,,Y,,,,,,2024,,2024,,Yes,,,,,,,61,26,61,11,61,36,44,0.80,41,1.05,34,71%,,,
28,Providence,28150,Mount Pleasant High School,H,Black or African American,BL7,,9,12,,,,,Y,Y,,,,,,,,,,,Y,,,Y,,,,,2024,,,2024,Yes,,,,,,,64,22,64,6,64,23,42,1.02,41,0.80,38,74%,,,
28,Providence,28198,Times2 Middle/High School,S,White,WH7,,6,12,,,,,,,,,,,,,,,,,Y,,,Y,,,,,2024,,,2024,Yes,,,,,,,35,33,35,30,17,55,35,0.83,35,0.57,3,,,,
63,Rhode Island Nurses Institute Middle College,28607,RI Nurses Institute Middle College Charter High Sc,H,English Learners,LEP,,9,12,,,,,Y,Y,,,,,,,,,,,Y,Y,,,,,,,2024,2024,,,Yes,7,1,3,1,24,1,57,15,57,4,57,27,50,0.84,50,0.72,24,75%,,,
60,MET Career and Tech,28703,Metropolitan Regional Career and Technical Center,H,Students with Disabilities,IEP,,9,12,Y,Y,,,,,,,,,,,,,,,Y,Y,,,,,,,2024,2024,,,Yes,16,1,1,1,26,1,51,18,51,1,50,26,47,0.81,47,0.60,24,96%,,,
31,Smithfield,31106,Pleasant View Elementary School,E,Students with Disabilities,IEP,,0,5,,,,,,,,,,,,,,,,,Y,Y,,,,,,,2024,2024,,,Yes,21,1,23,1,15,1,99,22,99,30,30,15,61,0.75,62,0.94,,,,,
38,West Warwick,38107,John F. Deering Middle School,M,Economically Disadvantaged,FRL,,5,8,Y,,,Y,,,,,,,,,,,,,Y,,,Y,,,,,2024,,,2024,Yes,,,,,,,1137,22,1132,21,583,23,1032,0.68,1013,0.89,,,,,
39,Woonsocket,39101,Harris School,E,Black or African American,BL7,,0,5,,,,,,,,,Y,Y,,Y,,,,,Y,,,Y,,,,,2024,,,2024,Yes,,,,,,,48,24,47,13,18,31,31,0.90,31,0.84,,,,,
39,Woonsocket,39101,Harris School,E,English Learners,LEP,,0,5,Y,Y,,,,,,,Y,Y,,,,,,,Y,Y,,Y,,,,,2024,2024,,2024,Yes,16,1,16,1,11,1,98,19,97,21,30,14,61,0.85,62,0.87,,,,,
39,Woonsocket,39133,Pothier-Citizens Elementary Campus,E,English Learners,LEP,,-1,5,,,,,,,,,,,,,,,,,Y,Y,,,,,,,2024,2024,,,Yes,12,1,19,1,8,1,137,18,137,20,42,20,78,0.83,83,0.71,,,,,
99,Foster-Glocester,99101,Ponaganset Middle School,M,Hispanic,HI7,,6,8,,,,,,,,,,,,,,,,,Y,,,Y,,,,,2024,,,2024,Yes,,,,,,,34,40,34,42,15,33,32,0.91,34,0.85,,,,,
28,Providence,28144,Gilbert Stuart Middle School,,,IEP,,,,Y,Y,,Y,Y,Y,,,Y,Y,,,Y,Y,,Y,Y,Y,,,,,,,2018,2018,,,Closed,3,1,7,1,,,,,,,,,,,,,,,,,
28,Providence,28195,360 High School,,,HI7,,,,,,,,,,,,Y,Y,Y,,Y,Y,,,Y,Y,,,,,,,2022,2022,,,Closed,22,1,8,1,,,,,,,,,,,,,,,,,
28,Providence,28195,360 High School,,,IEP,,,,,,,,,,,,Y,,Y,,Y,Y,Y,,Y,Y,Y,,,,,,2022,2023,2022,,Closed,8,1,8,1,20,1,,,,,,,,,,,,,,,
28,Providence,28144,Gilbert Stuart Middle School,,,FRL,,,,Y,Y,,Y,Y,Y,,,,,,,Y,Y,,Y,Y,Y,,,,,,,2023,2023,,,Closed,19,1,16,1,16,1,,,,,,,,,,,,,,,
28,Providence,28144,Gilbert Stuart Middle School,,,HI7,,,,Y,Y,,Y,Y,Y,,,,,,,Y,Y,,Y,Y,Y,,,,,,,2023,2023,,,Closed,18,1,16,1,16,1,,,,,,,,,,,,,,,
28,Providence,28144,Gilbert Stuart Middle School,,,LEP,,,,Y,Y,,Y,Y,Y,,,,,,,Y,Y,,Y,Y,Y,,,,,,,2023,2023,,,Closed,8,1,11,1,10,1,,,,,,,,,,,,,,,
28,Providence,28144,Gilbert Stuart Middle School,,,WH7,,,,Y,Y,,,,,,,,,,,Y,,,Y,Y,Y,,,,,,,2023,2024,,,Closed,14,1,11,1,18,1,,,,,,,,,,,,,,,
28,Providence,28144,Gilbert Stuart Middle School,,,MU7,,,,Y,Y,,Y,,,,,,,,,,,,,Y,Y,,Y,,,,,2024,2024,,2024,Closed,9,1,8,1,14,,,,,,,,,,,,,,,,
27,Portsmouth,27112,Portsmouth Middle School,M,Black or African American,BL7,,5,8,,,,,,,,,,,,,Y,,,Y,Y,,,Y,,,,,2023,,,2023,2 Years Below N-Size,,,,,,,17,49,17,43,5,,16,1.31,16,0.94,,,,,
28,Providence,28121,Alfred Lima Sr. Elementary School,E,Two or More Races,MU7,,0,5,Y,,,Y,,,,,,,,,Y,,,Y,Y,,,Y,,,,,2023,,,2023,2 Years Below N-Size,,,,,,,17,24,17,24,7,,11,0.45,11,0.64,,,,,
28,Providence,28127,Webster Avenue School,E,White,WH7,,0,5,,,,,,,,,,,,,Y,,,Y,Y,,,Y,,,,,2023,,,2023,2 Years Below N-Size,,,,,,,19,7,19,14,5,,12,0.58,12,0.50,,,,,
49,Urban Collaborative,28167,Urban Collaborative Accelerated Program,M,White,WH7,,7,8,,,,,,,,,,,,,Y,,,Y,Y,,,Y,,,,,2023,,,2023,2 Years Below N-Size,,,,,,,7,,7,,4,,4,,4,,,,,,