DISTCODE,DistName,grade_span,Group,GroupCode,lps_reason,num_students_ach_ela,participation_rate_ela,pct_prof_ela,proficiency_index_ela,ela_ach_pts,num_students_ach_mat,participation_rate_mat,pct_prof_mat,proficiency_index_mat,mat_ach_pts,num_students_sci,participation_rate_sci,pct_prof_sci,proficiency_index_sci,sci_ach_pts,denom_growth_ela,growth_index_ela,ela_growth_pts,denom_growth_mat,growth_index_mat,mat_growth_pts,years_incl_grad_base,grad_base_denom,grad_base_rate,grad_pts
District Code,District,Grade Span,Group,Group Code,Reason for Low Performance,Num Students ELA Ach.,ELA Participation Rate,ELA % Prof.,ELA Prof. Index,ELA Ach. Points (out of 4),Num Students Math,Math Participation Rate,Math % Prof.,Math Prof. Index,Math Ach. Points (out of 4),Num Students Science,Science Participation Rate,Science % Prof.,Science Prof. Index,Science Points (out of 3),Growth Denom ELA,ELA Growth Index,ELA Growth Points (out of 3),Growth Denom Math,Math Growth Index,Math Growth Points (out of 3),Years Incl. in Base Grad Rate,Base Grad Denom,Base Grad Rate,Graduation Points (out of 5)
03,Burrillville,S,Students with Disabilities,IEP,Graduation,462,98%,6,18,1,461,98%,8,22,1,177,95%,6,21,1,336,0.88,2,340,0.87,2,1,27,59%,1
03,Burrillville,S,English Learners,LEP,Achievement,21,100%,5,19,1,21,100%,5,22,1,11,100%,9,24,,17,0.82,,18,0.72,,,2,,
04,Central Falls,S,American Indian or Alaska Native,AM7,Graduation,229,97%,5,19,1,227,98%,8,24,1,81,98%,4,20,1,160,0.86,2,178,0.92,2,2,43,49%,1
04,Central Falls,S,Economically Disadvantaged,FRL,Graduation,2091,99%,8,20,1,2084,98%,7,21,1,930,98%,8,24,1,1549,0.84,1,1686,0.92,2,1,204,59%,1
04,Central Falls,S,Hispanic,HI7,Graduation,977,99%,9,21,1,973,98%,8,23,1,470,98%,10,27,1,744,0.89,2,802,0.95,2,1,108,54%,1
04,Central Falls,S,Students with Disabilities,IEP,Graduation,430,97%,1,5,1,428,98%,2,8,1,167,96%,1,10,1,295,0.65,1,298,0.85,2,1,47,49%,1
04,Central Falls,S,English Learners,LEP,Graduation,1231,99%,4,14,1,1226,99%,7,20,1,544,98%,5,21,1,864,0.83,1,1010,0.91,2,1,107,64%,1
04,Central Falls,S,Two or More Races,MU7,"Achievement & Growth, Graduation",79,99%,10,25,1,79,99%,6,21,1,25,100%,8,24,1,50,0.82,1,58,0.83,1,3,21,52%,1
04,Central Falls,S,White,WH7,Graduation,522,99%,7,18,1,521,99%,6,19,1,224,98%,7,22,1,378,0.83,1,418,0.88,2,1,49,61%,1
06,Coventry,S,Economically Disadvantaged,FRL,Graduation,1399,98%,28,43,2,1396,98%,26,42,2,570,97%,30,46,2,1102,0.91,2,1105,0.90,2,1,113,66%,1
06,Coventry,S,Students with Disabilities,IEP,Graduation,721,97%,7,18,1,720,98%,10,23,1,293,96%,11,26,1,533,0.78,1,537,0.86,2,1,56,57%,1
08,Cumberland,S,Students with Disabilities,IEP,Graduation,815,98%,14,27,1,815,98%,17,32,1,331,95%,19,35,1,558,1.01,2,567,0.97,2,1,36,67%,1
10,East Providence,S,Students with Disabilities,IEP,"Achievement & Growth, Graduation",970,98%,4,13,1,968,97%,5,16,1,393,96%,6,18,1,709,0.72,1,703,0.78,1,1,80,61%,1
16,Johnston,S,Students with Disabilities,IEP,Graduation,647,96%,7,18,1,645,97%,5,17,1,277,94%,6,20,1,450,0.88,2,446,0.80,1,1,35,51%,1
17,Lincoln,S,Students with Disabilities,IEP,Achievement & Growth,596,95%,8,19,1,595,94%,10,22,1,231,90%,9,25,1,416,0.84,1,414,0.81,1,1,42,79%,2
19,Middletown,S,Students with Disabilities,IEP,Graduation,396,96%,13,26,1,393,96%,13,26,1,163,92%,16,30,1,265,0.87,2,266,0.92,2,1,26,65%,1
19,Middletown,S,English Learners,LEP,Graduation,157,99%,25,40,2,156,99%,19,38,1,51,94%,18,35,1,105,1.13,3,123,1.12,3,3,26,62%,1
21,Newport,S,American Indian or Alaska Native,AM7,Achievement & Growth,43,93%,5,13,1,43,93%,0,8,1,19,89%,0,18,,34,0.74,1,33,0.61,1,3,10,50%,
21,Newport,S,Black or African American,BL7,Achievement & Growth,180,97%,10,23,1,180,97%,9,20,1,76,93%,5,21,1,129,0.81,1,130,0.79,1,2,37,84%,2
21,Newport,S,Economically Disadvantaged,FRL,Achievement & Growth,1253,97%,11,24,1,1249,98%,8,21,1,555,96%,11,26,1,967,0.79,1,1000,0.75,1,1,110,77%,2
21,Newport,S,Hispanic,HI7,Achievement & Growth,689,98%,11,22,1,688,99%,6,20,1,299,97%,10,26,1,526,0.83,1,553,0.72,1,1,59,78%,2
21,Newport,S,Students with Disabilities,IEP,"Achievement & Growth, Graduation",463,96%,6,15,1,461,96%,6,15,1,184,92%,7,17,1,314,0.76,1,318,0.71,1,1,30,57%,1
21,Newport,S,English Learners,LEP,Achievement & Growth,334,100%,3,13,1,334,99%,5,18,1,142,97%,3,20,1,252,0.84,1,277,0.75,1,1,30,80%,2
21,Newport,S,Two or More Races,MU7,"Achievement & Growth, Graduation",243,97%,14,28,1,241,97%,13,27,1,118,92%,11,26,1,186,0.72,1,189,0.70,1,2,32,66%,1
26,Pawtucket,S,American Indian or Alaska Native,AM7,Achievement & Growth,38,97%,19,26,1,38,97%,11,23,1,15,93%,0,18,,29,0.69,1,29,0.59,1,3,12,58%,
26,Pawtucket,S,Black or African American,BL7,Achievement & Growth,2398,98%,15,28,1,2393,98%,14,28,1,1050,96%,12,28,1,1900,0.84,1,1929,0.80,1,1,189,76%,2
26,Pawtucket,S,Economically Disadvantaged,FRL,Achievement & Growth,5712,98%,16,29,1,5695,97%,15,29,1,2344,95%,15,31,1,4387,0.83,1,4485,0.81,1,1,495,71%,2
26,Pawtucket,S,Hispanic,HI7,"Achievement & Growth, Graduation",2849,98%,16,29,1,2835,97%,14,29,1,1168,94%,15,30,1,2120,0.83,1,2209,0.79,1,1,191,65%,1
26,Pawtucket,S,Students with Disabilities,IEP,"Achievement & Growth, Graduation",1670,96%,4,11,1,1662,96%,5,13,1,676,93%,4,15,1,1224,0.74,1,1215,0.72,1,1,113,62%,1
26,Pawtucket,S,English Learners,LEP,Achievement & Growth,1925,98%,6,17,1,1915,98%,10,22,1,820,95%,7,21,1,1384,0.83,1,1539,0.81,1,1,113,76%,2
26,Pawtucket,S,Two or More Races,MU7,Achievement & Growth,516,97%,20,34,1,516,97%,20,34,1,207,94%,16,34,1,400,0.78,1,400,0.82,1,1,30,73%,2
26,Pawtucket,S,Native Hawaiian or Other Pacific Islander,PI7,Achievement,26,88%,8,17,1,26,100%,8,18,1,10,80%,10,20,,15,0.67,,19,0.68,,,7,,
28,Providence,S,American Indian or Alaska Native,AM7,Achievement & Growth,151,93%,15,23,1,149,94%,13,23,1,66,95%,8,23,1,110,0.69,1,112,0.79,1,2,35,74%,3
28,Providence,S,Students with Disabilities,IEP,"Achievement & Growth, Graduation",3926,95%,5,12,1,3913,94%,6,14,1,1572,92%,4,14,1,2624,0.73,1,2609,0.73,1,1,289,55%,1
28,Providence,S,English Learners,LEP,Achievement & Growth,8116,98%,7,17,1,8093,98%,9,21,1,3457,95%,5,20,1,5752,0.84,1,6304,0.84,1,1,664,75%,2
32,South Kingstown,S,Students with Disabilities,IEP,Graduation,340,98%,8,21,1,339,96%,11,24,1,128,95%,12,27,1,248,0.87,2,244,0.88,2,2,39,54%,1
33,Tiverton,S,Black or African American,BL7,Achievement,22,95%,5,14,1,22,95%,5,14,1,13,100%,8,13,,17,0.35,,17,0.82,,,6,,
33,Tiverton,S,Students with Disabilities,IEP,Achievement & Growth,347,99%,13,26,1,347,98%,14,28,1,142,96%,12,27,1,241,0.76,1,240,0.79,1,1,24,83%,3
33,Tiverton,S,English Learners,LEP,Achievement,23,100%,26,33,1,23,100%,26,39,1,10,100%,0,20,,14,1.07,,15,0.87,,,0,,
35,Warwick,S,American Indian or Alaska Native,AM7,Achievement & Growth,28,96%,15,31,1,28,96%,4,26,1,16,100%,13,31,,25,0.56,1,25,0.72,1,,9,,
35,Warwick,S,Students with Disabilities,IEP,Achievement & Growth,1715,95%,7,18,1,1707,95%,7,18,1,681,92%,6,19,1,1186,0.77,1,1170,0.80,1,1,106,67%,2
36,Westerly,S,Students with Disabilities,IEP,Graduation,422,96%,11,23,1,422,96%,10,24,1,168,92%,16,29,1,303,0.86,2,304,0.92,2,1,23,61%,1
38,West Warwick,S,Black or African American,BL7,Achievement & Growth,196,98%,17,29,1,196,98%,7,20,1,100,95%,6,23,1,157,0.83,1,159,0.81,1,1,20,85%,3
38,West Warwick,S,Students with Disabilities,IEP,Achievement & Growth,903,95%,4,13,1,899,94%,4,11,1,379,89%,4,15,1,624,0.70,1,615,0.72,1,1,62,71%,2
38,West Warwick,S,Two or More Races,MU7,Achievement & Growth,195,97%,17,32,1,195,97%,10,24,1,78,92%,12,26,1,144,0.83,1,143,0.79,1,2,20,75%,2
39,Woonsocket,S,Black or African American,BL7,"Achievement & Growth, Graduation",648,97%,12,26,1,645,97%,8,21,1,288,95%,11,28,1,474,0.79,1,483,0.83,1,1,51,67%,1
39,Woonsocket,S,Economically Disadvantaged,FRL,"Achievement & Growth, Graduation",3739,97%,9,22,1,3730,97%,7,21,1,1569,93%,11,25,1,2806,0.75,1,2827,0.77,1,1,312,59%,1
39,Woonsocket,S,Hispanic,HI7,"Achievement & Growth, Graduation",1785,97%,8,21,1,1784,97%,6,19,1,795,92%,9,24,1,1397,0.76,1,1390,0.78,1,1,119,55%,1
39,Woonsocket,S,Students with Disabilities,IEP,"Achievement & Growth, Graduation",1589,96%,3,9,1,1589,95%,2,9,1,673,90%,4,14,1,1115,0.68,1,1099,0.68,1,1,102,52%,1
39,Woonsocket,S,English Learners,LEP,Graduation,961,98%,4,14,1,961,98%,5,16,1,405,95%,3,18,1,639,0.78,1,697,0.85,2,1,55,53%,1
39,Woonsocket,S,Two or More Races,MU7,"Achievement & Growth, Graduation",374,95%,13,27,1,373,95%,9,23,1,152,91%,13,28,1,279,0.73,1,273,0.72,1,1,25,48%,1
39,Woonsocket,S,White,WH7,"Achievement & Growth, Graduation",2265,98%,13,27,1,2260,98%,12,26,1,942,94%,19,33,1,1658,0.76,1,1688,0.78,1,1,149,66%,1
42,Sheila Skip Nowell Leadership Academy,H,Black or African American,BL7,Graduation,6,,,,,6,,,,,6,,,,,2,,,2,,,2,27,30%,1
42,Sheila Skip Nowell Leadership Academy,H,Economically Disadvantaged,FRL,"Achievement, Graduation",45,87%,5,9,1,45,87%,2,4,1,39,77%,0,22,1,19,0.63,,19,0.74,,1,55,22%,1
42,Sheila Skip Nowell Leadership Academy,H,Hispanic,HI7,"Achievement & Growth, Graduation",44,89%,5,10,1,44,89%,0,2,1,40,85%,0,25,1,20,0.70,1,21,0.71,1,1,30,37%,1
42,Sheila Skip Nowell Leadership Academy,H,Students with Disabilities,IEP,Graduation,7,,,,,7,,,,,5,,,,,2,,,2,,,3,27,30%,1
42,Sheila Skip Nowell Leadership Academy,H,English Learners,LEP,"Achievement, Graduation",25,96%,0,1,1,25,96%,0,0,1,25,88%,0,18,1,12,0.50,,13,0.69,,2,25,48%,1
46,Segue Institute for Learning,S,White,WH7,Achievement,26,100%,8,24,1,26,100%,15,26,1,8,,,,,19,0.74,,19,0.79,,,,,
48,Highlander,S,Students with Disabilities,IEP,Achievement & Growth,143,98%,4,9,1,143,97%,1,10,1,70,96%,3,15,1,119,0.76,1,116,0.83,1,2,20,70%,3
50,R.I. Sch for the Deaf,S,Economically Disadvantaged,FRL,Achievement & Growth,53,98%,10,15,1,53,98%,6,13,1,22,100%,5,24,1,33,0.73,1,34,0.59,1,3,16,13%,
50,R.I. Sch for the Deaf,S,Hispanic,HI7,Achievement & Growth,35,100%,11,15,1,35,100%,3,11,1,14,100%,7,26,,26,0.73,1,27,0.56,1,,7,,
50,R.I. Sch for the Deaf,S,Students with Disabilities,IEP,Achievement & Growth,72,99%,10,17,1,72,99%,8,16,1,32,100%,6,29,1,40,0.75,1,41,0.63,1,3,16,13%,
50,R.I. Sch for the Deaf,S,English Learners,LEP,Achievement,22,100%,14,17,1,22,100%,0,9,1,8,,,,,12,0.75,,13,0.69,,,5,,
50,R.I. Sch for the Deaf,S,White,WH7,Achievement,26,85%,8,21,1,26,85%,16,23,1,11,91%,9,33,,7,,,7,,,,7,,
58,Beacon Charter School,S,Black or African American,BL7,Achievement & Growth,36,100%,11,28,1,36,100%,3,22,1,17,100%,29,37,,36,0.78,1,36,0.81,1,3,11,100%,
58,Beacon Charter School,S,Students with Disabilities,IEP,"Achievement & Growth, Graduation",85,98%,1,8,1,85,98%,2,9,1,34,97%,3,19,1,81,0.69,1,81,0.68,1,2,23,57%,1
58,Beacon Charter School,S,Two or More Races,MU7,Achievement & Growth,40,100%,23,34,1,40,100%,5,21,1,16,100%,19,42,,38,0.63,1,38,0.63,1,3,16,75%,
60,MET Career and Tech,H,Students with Disabilities,IEP,Achievement & Growth,51,96%,14,18,1,51,96%,0,1,1,50,98%,4,26,1,47,0.81,1,47,0.60,1,1,25,96%,5
60,MET Career and Tech,H,English Learners,LEP,Achievement & Growth,68,100%,12,21,1,68,100%,3,9,1,68,100%,1,25,1,67,0.78,1,67,0.76,1,1,30,97%,5
63,Rhode Island Nurses Institute Middle College,H,English Learners,LEP,Achievement & Growth,57,100%,7,15,1,57,100%,0,4,1,57,100%,2,27,1,50,0.84,1,50,0.72,1,2,24,75%,2
64,Village Green Virtual,H,Black or African American,BL7,Achievement & Growth,27,100%,11,22,1,27,100%,0,6,1,27,100%,4,23,1,27,0.74,1,27,0.59,1,2,30,100%,5
64,Village Green Virtual,H,Economically Disadvantaged,FRL,Achievement & Growth,89,98%,16,27,1,89,98%,0,8,1,89,97%,2,26,1,82,0.84,1,82,0.60,1,1,53,98%,5
69,Nuestro Mundo Public Charter,S,Students with Disabilities,IEP,Achievement,36,100%,6,15,1,36,100%,3,12,1,8,,,,,19,0.74,,19,0.95,,,,,
79,RISE Prep Academy,S,Black or African American,BL7,Achievement,20,100%,20,33,1,20,100%,10,30,1,8,,,,,11,0.55,,16,1.06,,,,,
79,RISE Prep Academy,S,Economically Disadvantaged,FRL,Achievement & Growth,409,100%,19,36,1,409,99%,19,39,1,127,100%,21,37,1,321,0.68,1,323,0.82,1,,,,
79,RISE Prep Academy,S,Students with Disabilities,IEP,Achievement & Growth,81,100%,6,17,1,81,100%,6,21,1,29,100%,7,20,1,64,0.70,1,64,0.78,1,,,,
83,Providence Preparatory Charter,M,Black or African American,BL7,Achievement & Growth,114,100%,16,30,1,114,100%,9,30,1,50,100%,12,25,1,112,0.68,1,112,0.70,1,,,,
83,Providence Preparatory Charter,M,Economically Disadvantaged,FRL,Achievement & Growth,385,100%,15,31,1,384,99%,14,34,1,177,99%,15,30,1,373,0.79,1,365,0.76,1,,,,
83,Providence Preparatory Charter,M,Hispanic,HI7,Achievement & Growth,285,100%,14,30,1,284,100%,16,35,1,128,99%,14,30,1,280,0.81,1,274,0.75,1,,,,
83,Providence Preparatory Charter,M,English Learners,LEP,Achievement & Growth,106,99%,5,18,1,106,100%,8,27,1,48,98%,9,22,1,103,0.84,1,104,0.81,1,,,,
85,YouthBuild Preparatory Academy,H,Black or African American,BL7,Graduation,14,50%,0,2,,14,50%,0,0,,14,36%,0,7,,7,,,7,,,2,21,48%,1
85,YouthBuild Preparatory Academy,H,Economically Disadvantaged,FRL,"Achievement, Graduation",47,36%,2,4,1,47,36%,0,1,1,49,29%,2,7,1,12,0.58,,12,0.33,,1,62,44%,1
85,YouthBuild Preparatory Academy,H,Hispanic,HI7,"Achievement, Graduation",43,37%,5,7,1,43,37%,0,2,1,45,27%,5,10,1,11,0.73,,11,0.27,,1,44,41%,1
96,Bristol Warren,S,Students with Disabilities,IEP,Graduation,538,97%,12,27,1,538,97%,12,27,1,211,93%,17,33,1,385,1.01,2,384,0.93,2,1,27,59%,1
97,Exeter-West Greenwich,S,English Learners,LEP,Achievement,20,100%,10,28,1,20,100%,5,27,1,10,100%,0,17,,14,1.29,,16,0.94,,,4,,