DISTCODE,DistName,GeoCode,name,grade_span,sch_star_level,GroupCode,Group,TSI_reason,num_students_ach_ela,participation_rate_ela,pct_prof_ela,proficiency_index_ela,ela_ach_pts,num_students_ach_mat,participation_rate_mat,pct_prof_mat,proficiency_index_mat,mat_ach_pts,num_students_sci,participation_rate_sci,pct_prof_sci,proficiency_index_sci,sci_ach_pts,denom_growth_ela,growth_index_ela,ela_growth_pts,denom_growth_mat,growth_index_mat,mat_growth_pts,years_incl_grad_base,grad_base_denom,grad_base_rate,grad_pts
District Code,District,School Code,School,Grade Span,School Star Rating,Group,Group Code,TSI Reason,Num Students ELA Ach.,ELA Participation Rate,ELA % Prof.,ELA Prof. Index,ELA Ach. Points (out of 4),Num Students Math,Math Participation Rate,Math % Prof.,Math Prof. Index,Math Ach. Points (out of 4),Num Students Science,Science Participation Rate,Science % Prof.,Science Prof. Index,Science Points (out of 3),Growth Denom ELA,ELA Growth Index,ELA Growth Points (out of 3),Growth Denom Math,Math Growth Index,Math Growth Points (out of 3),Years Incl. in Base Grad Rate,Base Grad Denom,Base Grad Rate,Graduation Points (out of 5)
03,Burrillville,03,Burrillville,S,3,IEP,Students with Disabilities,Graduation,462,98%,6,18,1,461,98%,8,22,1,177,95%,6,21,1,336,0.88,2,340,0.87,2,1,27,59%,1
03,Burrillville,03,Burrillville,S,3,LEP,English Learners,Achievement,21,100%,5,19,1,21,100%,5,22,1,11,100%,9,24,,17,0.82,,18,0.72,,,2,,
03,Burrillville,03105,Steere Farm Elementary School,E,3,HI7,Hispanic,Achievement,25,100%,20,39,1,25,100%,32,39,1,8,,,,,16,0.75,,16,0.88,,,,,
03,Burrillville,03107,William L. Callahan School,E,3,HI7,Hispanic,Achievement,27,100%,15,33,1,27,100%,19,38,1,12,100%,8,22,,18,0.89,,19,0.84,,,,,
03,Burrillville,03108,Austin T. Levy School,E,3,IEP,Students with Disabilities,Achievement,24,,8,24,1,24,,17,32,1,,,,,,,,,,,,,,,
03,Burrillville,03109,Burrillville High School,H,2,FRL,Economically Disadvantaged,Achievement & Growth,92,98%,31,38,1,92,98%,10,20,1,93,91%,12,31,1,85,0.71,1,85,0.76,1,1,71,83%,3
03,Burrillville,03109,Burrillville High School,H,2,HI7,Hispanic,Achievement & Growth,20,100%,30,35,1,20,100%,15,23,1,20,95%,16,35,1,20,0.75,1,20,0.75,1,3,20,95%,5
03,Burrillville,03109,Burrillville High School,H,2,IEP,Students with Disabilities,Achievement & Growth,47,96%,7,15,1,47,96%,4,9,1,47,87%,4,18,1,42,0.60,1,42,0.83,1,1,21,71%,2
04,Central Falls,04,Central Falls,S,1,AM7,American Indian or Alaska Native,Graduation,229,97%,5,19,1,227,98%,8,24,1,81,98%,4,20,1,160,0.86,2,178,0.92,2,2,43,49%,1
04,Central Falls,04,Central Falls,S,1,FRL,Economically Disadvantaged,Graduation,2091,99%,8,20,1,2084,98%,7,21,1,930,98%,8,24,1,1549,0.84,1,1686,0.92,2,1,204,59%,1
04,Central Falls,04,Central Falls,S,1,HI7,Hispanic,Graduation,977,99%,9,21,1,973,98%,8,23,1,470,98%,10,27,1,744,0.89,2,802,0.95,2,1,108,54%,1
04,Central Falls,04,Central Falls,S,1,IEP,Students with Disabilities,Graduation,430,97%,1,5,1,428,98%,2,8,1,167,96%,1,10,1,295,0.65,1,298,0.85,2,1,47,49%,1
04,Central Falls,04,Central Falls,S,1,LEP,English Learners,Graduation,1231,99%,4,14,1,1226,99%,7,20,1,544,98%,5,21,1,864,0.83,1,1010,0.91,2,1,107,64%,1
04,Central Falls,04,Central Falls,S,1,MU7,Two or More Races,"Achievement & Growth, Graduation",79,99%,10,25,1,79,99%,6,21,1,25,100%,8,24,1,50,0.82,1,58,0.83,1,3,21,52%,1
04,Central Falls,04,Central Falls,S,1,WH7,White,Graduation,522,99%,7,18,1,521,99%,6,19,1,224,98%,7,22,1,378,0.83,1,418,0.88,2,1,49,61%,1
04,Central Falls,04106,Veterans Memorial Elementary,E,2,IEP,Students with Disabilities,Achievement & Growth,90,100%,0,6,1,90,100%,1,9,1,28,100%,0,6,1,49,0.76,1,52,0.77,1,,,,
04,Central Falls,04108,Central Falls Senior High School,H,1,AM7,American Indian or Alaska Native,"Achievement, Graduation",23,87%,5,8,1,23,87%,0,3,1,21,90%,0,25,1,17,0.47,,19,0.79,,2,43,49%,1
04,Central Falls,04108,Central Falls Senior High School,H,1,BL7,Black or African American,Achievement & Growth,74,96%,4,9,1,74,96%,0,5,1,74,96%,8,29,1,62,0.52,1,66,0.64,1,1,25,80%,2
04,Central Falls,04108,Central Falls Senior High School,H,1,FRL,Economically Disadvantaged,"Achievement & Growth, Graduation",353,96%,11,16,1,353,96%,3,9,1,347,96%,11,33,1,288,0.60,1,310,0.68,1,1,193,63%,1
04,Central Falls,04108,Central Falls Senior High School,H,1,HI7,Hispanic,"Achievement & Growth, Graduation",188,96%,16,22,1,188,96%,5,13,1,186,96%,15,37,1,152,0.75,1,163,0.75,1,1,100,58%,1
04,Central Falls,04108,Central Falls Senior High School,H,1,IEP,Students with Disabilities,"Achievement & Growth, Graduation",48,96%,0,1,1,48,96%,0,1,1,49,94%,0,17,1,32,0.44,1,33,0.61,1,1,44,52%,1
04,Central Falls,04108,Central Falls Senior High School,H,1,LEP,English Learners,"Achievement & Growth, Graduation",207,97%,4,6,1,207,97%,1,4,1,205,94%,4,27,1,164,0.59,1,187,0.61,1,1,105,65%,1
04,Central Falls,04108,Central Falls Senior High School,H,1,MU7,Two or More Races,Graduation,6,,,,,6,,,,,6,,,,,6,,,6,,,3,20,55%,1
04,Central Falls,04108,Central Falls Senior High School,H,1,WH7,White,"Achievement & Growth, Graduation",84,98%,6,11,1,84,96%,2,5,1,81,96%,5,27,1,69,0.52,1,75,0.55,1,1,48,63%,1
04,Central Falls,04112,Raices Dual Language Academy at Margaret I. Robert,E,2,AM7,American Indian or Alaska Native,Achievement,27,93%,15,33,1,26,100%,8,33,1,5,,,,,16,0.94,,17,0.47,,,,,
06,Coventry,06,Coventry,S,3,FRL,Economically Disadvantaged,Graduation,1399,98%,28,43,2,1396,98%,26,42,2,570,97%,30,46,2,1102,0.91,2,1105,0.90,2,1,113,66%,1
06,Coventry,06,Coventry,S,3,IEP,Students with Disabilities,Graduation,721,97%,7,18,1,720,98%,10,23,1,293,96%,11,26,1,533,0.78,1,537,0.86,2,1,56,57%,1
06,Coventry,06109,Western Coventry School,E,3,IEP,Students with Disabilities,Achievement & Growth,45,100%,4,10,1,44,100%,7,23,1,9,,,,,22,0.64,1,22,0.64,1,,,,
06,Coventry,06112,Hopkins Hill School,E,2,IEP,Students with Disabilities,Achievement & Growth,73,99%,4,21,1,73,97%,15,31,1,23,96%,14,27,1,44,0.66,1,44,0.41,1,,,,
06,Coventry,06116,Tiogue School,E,3,IEP,Students with Disabilities,Achievement & Growth,70,100%,13,25,1,69,100%,14,27,1,17,100%,0,8,,41,0.66,1,41,0.56,1,,,,
06,Coventry,06119,Coventry High School,H,3,IEP,Students with Disabilities,"Achievement & Growth, Graduation",86,93%,11,15,1,86,92%,7,11,1,86,92%,11,29,1,66,0.55,1,65,0.57,1,1,48,67%,1
07,Cranston,07103,Oak Lawn School,E,2,IEP,Students with Disabilities,Achievement,23,100%,0,17,1,23,100%,9,26,1,10,100%,0,17,,16,0.94,,16,0.75,,,,,
07,Cranston,07113,Cranston High School East,H,2,FRL,Economically Disadvantaged,Achievement & Growth,471,97%,31,39,1,471,96%,7,20,1,470,95%,13,36,1,420,0.83,1,430,0.80,1,1,287,86%,3
07,Cranston,07113,Cranston High School East,H,2,HI7,Hispanic,Achievement & Growth,373,96%,26,34,1,373,96%,5,15,1,372,95%,10,33,1,326,0.78,1,337,0.77,1,1,182,85%,3
07,Cranston,07113,Cranston High School East,H,2,IEP,Students with Disabilities,"Achievement & Growth, Graduation",106,94%,10,17,1,106,94%,3,9,1,105,94%,5,29,1,88,0.74,1,88,0.59,1,1,59,66%,1
07,Cranston,07113,Cranston High School East,H,2,LEP,English Learners,Achievement & Growth,134,95%,7,11,1,134,95%,2,8,1,134,94%,2,22,1,103,0.84,1,116,0.58,1,1,60,75%,2
07,Cranston,07116,William R. Dutemple School,E,3,IEP,Students with Disabilities,Achievement,20,100%,10,23,1,20,100%,10,22,1,8,,,,,15,1.00,,15,0.87,,,,,
07,Cranston,07117,Edward S. Rhodes School,E,2,FRL,Economically Disadvantaged,Achievement & Growth,146,100%,18,36,1,146,99%,12,30,1,51,100%,18,38,1,104,0.80,1,104,0.69,1,,,,
07,Cranston,07117,Edward S. Rhodes School,E,2,IEP,Students with Disabilities,Achievement & Growth,50,100%,4,11,1,50,100%,2,9,1,12,100%,8,17,,32,0.59,1,33,0.52,1,,,,
07,Cranston,07117,Edward S. Rhodes School,E,2,LEP,English Learners,Achievement,22,100%,27,39,1,22,100%,27,35,1,6,,,,,16,0.94,,16,0.94,,,,,
07,Cranston,07118,Eden Park School,E,3,LEP,English Learners,Achievement & Growth,29,100%,0,22,1,29,100%,7,33,1,10,100%,10,30,,20,0.55,1,20,0.75,1,,,,
07,Cranston,07118,Eden Park School,E,3,MU7,Two or More Races,Achievement,25,100%,8,35,1,25,100%,16,35,1,8,,,,,17,0.76,,17,1.00,,,,,
07,Cranston,07119,Gladstone Street School,E,2,AS7,Asian,Achievement,27,100%,19,32,1,27,100%,26,37,1,6,,,,,15,0.67,,17,0.94,,,,,
07,Cranston,07119,Gladstone Street School,E,2,BL7,Black or African American,Achievement,23,100%,13,29,1,23,100%,9,23,1,5,,,,,11,0.82,,12,1.08,,,,,
07,Cranston,07119,Gladstone Street School,E,2,WH7,White,Achievement,31,100%,3,20,1,31,100%,23,39,1,8,,,,,19,0.63,,19,0.32,,,,,
07,Cranston,07120,Stadium School,E,3,MU7,Two or More Races,Achievement,22,100%,9,36,1,22,100%,9,35,1,3,,,,,11,0.82,,11,0.91,,,,,
07,Cranston,07124,George J. Peters School,E,2,IEP,Students with Disabilities,Achievement & Growth,50,98%,8,20,1,50,98%,8,16,1,13,100%,8,21,,26,0.69,1,26,0.50,1,,,,
07,Cranston,07124,George J. Peters School,E,2,LEP,English Learners,Achievement,27,100%,15,32,1,27,100%,7,25,1,6,,,,,11,0.91,,12,0.33,,,,,
07,Cranston,07125,Arlington School,E,3,IEP,Students with Disabilities,Achievement & Growth,34,100%,3,14,1,33,100%,0,12,1,12,100%,0,6,,24,0.63,1,23,0.83,1,,,,
07,Cranston,07125,Arlington School,E,3,MU7,Two or More Races,Achievement,23,100%,17,39,1,23,100%,4,25,1,11,100%,9,24,,18,1.06,,18,0.67,,,,,
07,Cranston,07126,Cranston High School West,H,4,IEP,Students with Disabilities,Achievement & Growth,114,96%,15,21,1,114,96%,4,10,1,112,96%,11,29,1,100,0.71,1,100,0.55,1,1,48,81%,4
07,Cranston,07127,Stone Hill School,E,3,IEP,Students with Disabilities,Achievement,35,100%,6,16,1,35,100%,14,24,1,9,,,,,10,0.70,,10,0.80,,,,,
07,Cranston,07128,Glen Hills School,E,3,IEP,Students with Disabilities,Achievement & Growth,40,100%,5,13,1,40,100%,3,13,1,11,100%,0,9,,24,0.63,1,24,0.67,1,,,,
07,Cranston,07130,Edgewood Highland School,E,3,IEP,Students with Disabilities,Achievement,28,100%,4,15,1,28,100%,4,11,1,11,100%,0,15,,16,0.88,,16,0.81,,,,,
07,Cranston,07135,Apprenticeship Exploration School,H,1,FRL,Economically Disadvantaged,Achievement & Growth,63,98%,13,22,1,63,97%,5,9,1,57,95%,9,28,1,58,0.55,1,59,0.58,1,1,40,85%,2
07,Cranston,07135,Apprenticeship Exploration School,H,1,HI7,Hispanic,Achievement & Growth,43,98%,5,15,1,43,95%,5,10,1,38,97%,3,23,1,38,0.42,1,40,0.70,1,1,25,88%,3
07,Cranston,07135,Apprenticeship Exploration School,H,1,WH7,White,Graduation,33,100%,33,38,1,33,100%,3,11,1,32,94%,13,37,1,32,0.88,2,32,0.59,1,2,40,65%,1
07,Cranston,07136,Orchard Farms Elementary School,E,3,IEP,Students with Disabilities,Achievement & Growth,53,98%,15,29,1,53,98%,10,28,1,25,96%,8,25,1,28,0.64,1,28,0.82,1,,,,
08,Cumberland,08,Cumberland,S,3,IEP,Students with Disabilities,Graduation,815,98%,14,27,1,815,98%,17,32,1,331,95%,19,35,1,558,1.01,2,567,0.97,2,1,36,67%,1
08,Cumberland,08107,B.F. Norton Elementary School,E,3,BL7,Black or African American,Achievement,21,100%,14,38,1,21,100%,19,35,1,7,,,,,13,1.31,,13,0.77,,,,,
08,Cumberland,08108,Garvin Memorial School,E,3,IEP,Students with Disabilities,Achievement & Growth,67,100%,3,16,1,67,100%,13,28,1,21,95%,15,22,1,31,0.74,1,31,0.77,1,,,,
08,Cumberland,08114,Cumberland High School,H,4,IEP,Students with Disabilities,Achievement & Growth,88,93%,13,20,1,88,93%,4,11,1,88,93%,12,34,1,67,0.72,1,67,0.54,1,1,32,75%,2
09,East Greenwich,09108,George Hanaford School,E,4,IEP,Students with Disabilities,Achievement & Growth,109,97%,10,25,1,109,98%,13,28,1,37,95%,29,36,1,57,0.81,1,57,0.65,1,,,,
10,East Providence,10,East Providence,S,3,IEP,Students with Disabilities,"Achievement & Growth, Graduation",970,98%,4,13,1,968,97%,5,16,1,393,96%,6,18,1,709,0.72,1,703,0.78,1,1,80,61%,1
10,East Providence,10109,Edward R. Martin Middle School,M,3,IEP,Students with Disabilities,Achievement & Growth,184,99%,1,7,1,184,97%,3,12,1,68,100%,1,11,1,166,0.67,1,161,0.83,1,,,,
10,East Providence,10113,Kent Heights School,E,3,BL7,Black or African American,Achievement,21,100%,19,38,1,21,100%,14,38,1,11,100%,27,39,,17,0.59,,17,0.41,,,,,
10,East Providence,10113,Kent Heights School,E,3,IEP,Students with Disabilities,Achievement & Growth,40,100%,0,14,1,40,100%,8,19,1,12,100%,0,11,,27,0.70,1,27,0.59,1,,,,
10,East Providence,10117,Emma G. Whiteknact School,E,3,IEP,Students with Disabilities,Achievement & Growth,62,97%,2,8,1,62,97%,3,11,1,12,100%,17,22,,23,0.61,1,23,0.61,1,,,,
10,East Providence,10117,Emma G. Whiteknact School,E,3,MU7,Two or More Races,Achievement,24,100%,17,35,1,24,100%,13,32,1,10,100%,30,40,,16,0.81,,16,0.69,,,,,
10,East Providence,10123,Silver Spring School,E,2,BL7,Black or African American,Achievement,29,97%,11,35,1,29,97%,11,32,1,11,100%,18,42,,19,0.95,,19,0.68,,,,,
10,East Providence,10123,Silver Spring School,E,2,HI7,Hispanic,Achievement & Growth,34,97%,21,37,1,34,100%,18,32,1,11,100%,27,36,,20,0.55,1,22,0.77,1,,,,
10,East Providence,10123,Silver Spring School,E,2,MU7,Two or More Races,Achievement,24,100%,17,38,1,24,100%,25,38,1,8,,,,,13,0.77,,13,0.54,,,,,
10,East Providence,10124,Orlo Avenue School,E,3,IEP,Students with Disabilities,Achievement & Growth,52,100%,8,19,1,52,100%,8,21,1,15,100%,13,22,,33,0.48,1,33,0.76,1,,,,
10,East Providence,10125,Myron J. Francis Elementary School,E,3,IEP,Students with Disabilities,Achievement & Growth,56,96%,11,24,1,56,96%,19,30,1,11,100%,0,9,,30,0.63,1,30,0.53,1,,,,
16,Johnston,16,Johnston,S,2,IEP,Students with Disabilities,Graduation,647,96%,7,18,1,645,97%,5,17,1,277,94%,6,20,1,450,0.88,2,446,0.80,1,1,35,51%,1
16,Johnston,16103,Thornton School,E,3,IEP,Students with Disabilities,Achievement & Growth,69,99%,1,13,1,68,100%,3,14,1,31,97%,3,13,1,49,0.59,1,48,0.46,1,,,,
16,Johnston,16109,Winsor Hill School,E,3,IEP,Students with Disabilities,Achievement & Growth,68,100%,3,16,1,68,100%,3,15,1,19,100%,11,21,,41,0.54,1,41,0.68,1,,,,
16,Johnston,16112,Johnston Senior High School,H,2,IEP,Students with Disabilities,Graduation,65,89%,10,13,1,65,89%,8,10,1,63,89%,7,24,1,48,0.88,2,46,0.57,1,1,28,64%,1
17,Lincoln,17,Lincoln,S,3,IEP,Students with Disabilities,Achievement & Growth,596,95%,8,19,1,595,94%,10,22,1,231,90%,9,25,1,416,0.84,1,414,0.81,1,1,42,79%,2
17,Lincoln,17110,Lincoln Senior High School,H,3,IEP,Students with Disabilities,Achievement & Growth,53,87%,14,20,1,53,87%,4,10,1,54,87%,13,33,1,35,0.80,1,35,0.71,1,1,39,82%,3
17,Lincoln,17112,Saylesville Elementary School,E,3,IEP,Students with Disabilities,Achievement & Growth,67,97%,11,19,1,67,99%,15,28,1,17,100%,0,14,,30,0.77,1,31,0.81,1,,,,
17,Lincoln,17113,Northern Lincoln Elementary School,E,3,IEP,Students with Disabilities,Achievement & Growth,91,100%,3,21,1,91,100%,10,24,1,30,100%,13,30,1,59,0.71,1,60,0.65,1,,,,
17,Lincoln,17113,Northern Lincoln Elementary School,E,3,LEP,English Learners,Achievement,26,100%,4,31,1,26,100%,15,36,1,12,100%,17,42,,17,1.00,,19,1.05,,,,,
17,Lincoln,17117,Lincoln Middle School,M,3,IEP,Students with Disabilities,Achievement & Growth,253,93%,6,14,1,252,92%,6,17,1,86,91%,5,20,1,210,0.84,1,206,0.84,1,,,,
19,Middletown,19,Middletown,S,3,IEP,Students with Disabilities,Graduation,396,96%,13,26,1,393,96%,13,26,1,163,92%,16,30,1,265,0.87,2,266,0.92,2,1,26,65%,1
19,Middletown,19,Middletown,S,3,LEP,English Learners,Graduation,157,99%,25,40,2,156,99%,19,38,1,51,94%,18,35,1,105,1.13,3,123,1.12,3,3,26,62%,1
19,Middletown,19107,Forest Avenue School,E,3,IEP,Students with Disabilities,Achievement,38,100%,13,27,1,37,100%,19,29,1,14,,21,36,,,,,,,,,,,
19,Middletown,19111,Middletown High School,H,3,LEP,English Learners,Graduation,14,93%,7,17,,14,93%,0,12,,14,93%,0,19,,9,,,13,0.62,,3,26,62%,1
20,Narragansett,20102,Narragansett Elementary School,E,4,IEP,Students with Disabilities,Achievement,27,100%,22,35,1,27,100%,19,33,1,9,,,,,10,0.60,,10,1.10,,,,,
20,Narragansett,20104,Narragansett High School,H,4,IEP,Students with Disabilities,Achievement,23,100%,13,30,1,23,100%,0,14,1,23,100%,9,38,1,19,1.11,,19,1.05,,1,27,93%,4
21,Newport,21,Newport,S,1,AM7,American Indian or Alaska Native,Achievement & Growth,43,93%,5,13,1,43,93%,0,8,1,19,89%,0,18,,34,0.74,1,33,0.61,1,3,10,50%,
21,Newport,21,Newport,S,1,BL7,Black or African American,Achievement & Growth,180,97%,10,23,1,180,97%,9,20,1,76,93%,5,21,1,129,0.81,1,130,0.79,1,2,37,84%,2
21,Newport,21,Newport,S,1,FRL,Economically Disadvantaged,Achievement & Growth,1253,97%,11,24,1,1249,98%,8,21,1,555,96%,11,26,1,967,0.79,1,1000,0.75,1,1,110,77%,2
21,Newport,21,Newport,S,1,HI7,Hispanic,Achievement & Growth,689,98%,11,22,1,688,99%,6,20,1,299,97%,10,26,1,526,0.83,1,553,0.72,1,1,59,78%,2
21,Newport,21,Newport,S,1,IEP,Students with Disabilities,"Achievement & Growth, Graduation",463,96%,6,15,1,461,96%,6,15,1,184,92%,7,17,1,314,0.76,1,318,0.71,1,1,30,57%,1
21,Newport,21,Newport,S,1,LEP,English Learners,Achievement & Growth,334,100%,3,13,1,334,99%,5,18,1,142,97%,3,20,1,252,0.84,1,277,0.75,1,1,30,80%,2
21,Newport,21,Newport,S,1,MU7,Two or More Races,"Achievement & Growth, Graduation",243,97%,14,28,1,241,97%,13,27,1,118,92%,11,26,1,186,0.72,1,189,0.70,1,2,32,66%,1
21,Newport,21106,Frank E. Thompson Middle School,M,1,BL7,Black or African American,Achievement & Growth,95,98%,9,21,1,95,98%,4,20,1,48,94%,4,16,1,83,0.77,1,83,0.83,1,,,,
21,Newport,21106,Frank E. Thompson Middle School,M,1,FRL,Economically Disadvantaged,Achievement & Growth,716,98%,7,19,1,715,99%,5,20,1,370,98%,9,21,1,640,0.79,1,670,0.75,1,,,,
21,Newport,21106,Frank E. Thompson Middle School,M,1,IEP,Students with Disabilities,Achievement & Growth,234,97%,5,12,1,234,97%,3,11,1,128,94%,7,14,1,196,0.76,1,201,0.76,1,,,,
21,Newport,21106,Frank E. Thompson Middle School,M,1,MU7,Two or More Races,Achievement & Growth,133,96%,9,22,1,133,98%,8,22,1,77,94%,9,21,1,115,0.73,1,120,0.68,1,,,,
21,Newport,21107,Claiborne Pell Elementary School,E,2,IEP,Students with Disabilities,Achievement & Growth,151,99%,3,18,1,149,99%,12,21,1,72,,6,13,1,72,0.78,1,73,0.63,1,,,,
21,Newport,21107,Claiborne Pell Elementary School,E,2,LEP,English Learners,Achievement & Growth,90,100%,4,19,1,90,100%,17,30,1,54,,6,21,1,43,0.84,1,45,0.78,1,,,,
21,Newport,21111,Rogers High School,H,2,BL7,Black or African American,Achievement & Growth,24,96%,26,30,1,24,96%,4,9,1,24,96%,9,36,1,22,0.82,1,22,0.77,1,2,35,89%,3
21,Newport,21111,Rogers High School,H,2,FRL,Economically Disadvantaged,Achievement & Growth,170,94%,30,36,1,170,93%,4,13,1,170,94%,15,38,1,143,0.72,1,146,0.75,1,1,104,81%,3
21,Newport,21111,Rogers High School,H,2,HI7,Hispanic,Achievement & Growth,104,96%,32,37,1,104,95%,3,13,1,104,93%,15,39,1,90,0.72,1,95,0.66,1,1,57,79%,2
21,Newport,21111,Rogers High School,H,2,IEP,Students with Disabilities,"Achievement & Growth, Graduation",42,90%,25,30,1,42,90%,5,13,1,42,95%,8,29,1,29,0.79,1,29,0.45,1,1,26,62%,1
21,Newport,21111,Rogers High School,H,2,LEP,English Learners,Achievement & Growth,41,98%,3,3,1,41,95%,0,3,1,41,90%,3,28,1,34,0.50,1,39,0.46,1,1,30,80%,2
23,North Kingstown,23108,North Kingstown Senior High School,H,4,IEP,Students with Disabilities,Achievement & Growth,67,87%,13,20,1,67,87%,2,7,1,66,85%,14,32,1,49,0.80,1,49,0.45,1,1,27,85%,3
23,North Kingstown,23113,Suzanne M. Henseler Quidnessett Elementary School,E,3,BL7,Black or African American,Achievement,21,100%,5,30,1,21,100%,0,24,1,9,,,,,15,0.93,,15,0.27,,,,,
24,North Providence,24105,North Providence High School,H,2,IEP,Students with Disabilities,Achievement & Growth,60,97%,19,22,1,60,97%,5,9,1,60,95%,7,29,1,49,0.55,1,49,0.57,1,1,42,81%,3
24,North Providence,24105,North Providence High School,H,2,LEP,English Learners,Achievement & Growth,52,98%,18,23,1,52,98%,8,19,1,52,98%,8,34,1,45,0.84,1,50,0.72,1,1,25,76%,2
24,North Providence,24106,Stephen Olney School,E,2,BL7,Black or African American,Achievement & Growth,43,100%,14,33,1,43,100%,12,29,1,16,100%,19,38,,26,0.65,1,26,0.58,1,,,,
24,North Providence,24107,James L. McGuire School,E,3,IEP,Students with Disabilities,Achievement & Growth,64,100%,6,20,1,63,100%,11,26,1,11,91%,0,18,,35,0.60,1,34,0.76,1,,,,
24,North Providence,24108,Dr. Joseph A Whelan Elementary School,E,1,FRL,Economically Disadvantaged,Achievement & Growth,150,100%,10,30,1,150,100%,8,27,1,47,100%,11,28,1,88,0.68,1,91,0.70,1,,,,
24,North Providence,24108,Dr. Joseph A Whelan Elementary School,E,1,WH7,White,Achievement & Growth,129,100%,20,38,1,129,100%,19,36,1,40,100%,18,38,1,81,0.68,1,81,0.64,1,,,,
25,North Smithfield,25110,North Smithfield Elementary School,E,4,IEP,Students with Disabilities,Achievement & Growth,90,98%,13,29,1,90,99%,21,37,1,48,,13,26,1,41,0.73,1,42,0.83,1,,,,
26,Pawtucket,26,Pawtucket,S,1,AM7,American Indian or Alaska Native,Achievement & Growth,38,97%,19,26,1,38,97%,11,23,1,15,93%,0,18,,29,0.69,1,29,0.59,1,3,12,58%,
26,Pawtucket,26,Pawtucket,S,1,BL7,Black or African American,Achievement & Growth,2398,98%,15,28,1,2393,98%,14,28,1,1050,96%,12,28,1,1900,0.84,1,1929,0.80,1,1,189,76%,2
26,Pawtucket,26,Pawtucket,S,1,FRL,Economically Disadvantaged,Achievement & Growth,5712,98%,16,29,1,5695,97%,15,29,1,2344,95%,15,31,1,4387,0.83,1,4485,0.81,1,1,495,71%,2
26,Pawtucket,26,Pawtucket,S,1,HI7,Hispanic,"Achievement & Growth, Graduation",2849,98%,16,29,1,2835,97%,14,29,1,1168,94%,15,30,1,2120,0.83,1,2209,0.79,1,1,191,65%,1
26,Pawtucket,26,Pawtucket,S,1,IEP,Students with Disabilities,"Achievement & Growth, Graduation",1670,96%,4,11,1,1662,96%,5,13,1,676,93%,4,15,1,1224,0.74,1,1215,0.72,1,1,113,62%,1
26,Pawtucket,26,Pawtucket,S,1,LEP,English Learners,Achievement & Growth,1925,98%,6,17,1,1915,98%,10,22,1,820,95%,7,21,1,1384,0.83,1,1539,0.81,1,1,113,76%,2
26,Pawtucket,26,Pawtucket,S,1,MU7,Two or More Races,Achievement & Growth,516,97%,20,34,1,516,97%,20,34,1,207,94%,16,34,1,400,0.78,1,400,0.82,1,1,30,73%,2
26,Pawtucket,26,Pawtucket,S,1,PI7,Native Hawaiian or Other Pacific Islander,Achievement,26,88%,8,17,1,26,100%,8,18,1,10,80%,10,20,,15,0.67,,19,0.68,,,7,,
26,Pawtucket,26103,Joseph Jenks Middle School,M,1,BL7,Black or African American,Achievement & Growth,376,99%,8,22,1,374,98%,5,21,1,136,100%,6,17,1,347,0.70,1,349,0.62,1,,,,
26,Pawtucket,26103,Joseph Jenks Middle School,M,1,FRL,Economically Disadvantaged,Achievement & Growth,828,98%,11,22,1,823,95%,6,21,1,276,99%,8,20,1,740,0.73,1,754,0.62,1,,,,
26,Pawtucket,26103,Joseph Jenks Middle School,M,1,HI7,Hispanic,Achievement & Growth,469,98%,10,19,1,468,95%,7,19,1,148,97%,8,18,1,408,0.71,1,431,0.62,1,,,,
26,Pawtucket,26103,Joseph Jenks Middle School,M,1,IEP,Students with Disabilities,Achievement & Growth,230,98%,1,6,1,228,97%,1,8,1,72,99%,1,9,1,209,0.71,1,206,0.68,1,,,,
26,Pawtucket,26103,Joseph Jenks Middle School,M,1,LEP,English Learners,Achievement & Growth,308,99%,1,7,1,308,97%,2,11,1,106,99%,1,7,1,243,0.64,1,288,0.61,1,,,,
26,Pawtucket,26103,Joseph Jenks Middle School,M,1,MU7,Two or More Races,Achievement & Growth,70,97%,21,30,1,70,93%,13,29,1,21,95%,10,25,1,65,0.72,1,63,0.67,1,,,,
26,Pawtucket,26103,Joseph Jenks Middle School,M,1,WH7,White,Achievement & Growth,266,98%,15,31,1,264,96%,12,30,1,92,100%,15,30,1,252,0.81,1,246,0.63,1,,,,
26,Pawtucket,26105,William E Tolman Senior High School,H,1,FRL,Economically Disadvantaged,Achievement & Growth,299,87%,18,24,1,299,86%,3,9,1,295,80%,11,27,1,234,0.68,1,236,0.61,1,1,238,72%,2
26,Pawtucket,26105,William E Tolman Senior High School,H,1,HI7,Hispanic,Achievement & Growth,207,91%,21,26,1,207,90%,4,11,1,205,80%,12,28,1,165,0.65,1,172,0.56,1,1,111,72%,2
26,Pawtucket,26105,William E Tolman Senior High School,H,1,IEP,Students with Disabilities,Achievement & Growth,87,86%,1,4,1,87,85%,1,3,1,86,80%,0,15,1,68,0.63,1,67,0.49,1,1,66,73%,2
26,Pawtucket,26105,William E Tolman Senior High School,H,1,LEP,English Learners,Achievement & Growth,130,91%,5,7,1,130,91%,2,5,1,128,82%,6,20,1,95,0.59,1,104,0.56,1,1,60,83%,3
26,Pawtucket,26105,William E Tolman Senior High School,H,1,MU7,Two or More Races,"Achievement & Growth, Graduation",32,94%,10,13,1,32,94%,0,3,1,32,78%,3,19,1,29,0.34,1,29,0.62,1,2,32,59%,1
26,Pawtucket,26106,Samuel Slater Middle School,M,1,BL7,Black or African American,Achievement & Growth,474,99%,6,18,1,470,99%,8,21,1,167,99%,8,21,1,440,0.73,1,448,0.68,1,,,,
26,Pawtucket,26106,Samuel Slater Middle School,M,1,FRL,Economically Disadvantaged,Achievement & Growth,863,99%,7,17,1,858,99%,6,20,1,289,99%,9,22,1,806,0.70,1,832,0.65,1,,,,
26,Pawtucket,26106,Samuel Slater Middle School,M,1,HI7,Hispanic,Achievement & Growth,332,99%,7,17,1,329,99%,6,18,1,117,99%,10,22,1,297,0.70,1,318,0.65,1,,,,
26,Pawtucket,26106,Samuel Slater Middle School,M,1,IEP,Students with Disabilities,Achievement & Growth,201,98%,0,3,1,198,98%,2,5,1,65,100%,2,9,1,185,0.67,1,181,0.70,1,,,,
26,Pawtucket,26106,Samuel Slater Middle School,M,1,LEP,English Learners,Achievement & Growth,351,99%,1,9,1,348,98%,3,14,1,113,98%,3,11,1,306,0.76,1,340,0.70,1,,,,
26,Pawtucket,26106,Samuel Slater Middle School,M,1,MU7,Two or More Races,Achievement & Growth,60,98%,0,16,1,60,98%,10,23,1,23,100%,0,22,1,58,0.66,1,58,0.69,1,,,,
26,Pawtucket,26106,Samuel Slater Middle School,M,1,WH7,White,Achievement & Growth,190,99%,9,20,1,190,99%,6,22,1,57,100%,5,20,1,187,0.70,1,189,0.77,1,,,,
26,Pawtucket,26107,Lyman B. Goff Middle School,M,2,IEP,Students with Disabilities,Achievement & Growth,223,97%,1,8,1,221,98%,0,12,1,75,99%,8,20,1,207,0.84,1,208,0.82,1,,,,
26,Pawtucket,26110,Potter-Burns School,E,3,IEP,Students with Disabilities,Achievement & Growth,111,100%,8,18,1,110,99%,10,19,1,38,97%,8,19,1,71,0.77,1,70,0.69,1,,,,
26,Pawtucket,26111,Nathanael Greene School,E,2,IEP,Students with Disabilities,Achievement & Growth,55,96%,4,17,1,55,98%,4,12,1,16,100%,0,8,,31,0.61,1,31,0.65,1,,,,
26,Pawtucket,26113,Fallon Memorial School,E,2,FRL,Economically Disadvantaged,Achievement & Growth,287,100%,16,32,1,287,100%,20,35,1,91,100%,14,32,1,179,0.75,1,184,0.84,1,,,,
26,Pawtucket,26113,Fallon Memorial School,E,2,IEP,Students with Disabilities,Achievement & Growth,87,100%,3,10,1,87,100%,7,17,1,31,100%,0,10,1,56,0.57,1,56,0.63,1,,,,
26,Pawtucket,26113,Fallon Memorial School,E,2,MU7,Two or More Races,Achievement,25,100%,16,27,1,25,100%,16,29,1,6,,,,,12,0.50,,12,0.67,,,,,
26,Pawtucket,26116,Curvin-McCabe School,E,2,IEP,Students with Disabilities,Achievement & Growth,86,100%,6,17,1,86,100%,12,23,1,24,100%,0,7,1,46,0.48,1,46,0.46,1,,,,
26,Pawtucket,26118,Charles E. Shea High School,H,1,BL7,Black or African American,Achievement & Growth,162,98%,15,23,1,162,98%,4,11,1,162,96%,6,28,1,147,0.79,1,148,0.73,1,1,99,82%,3
26,Pawtucket,26118,Charles E. Shea High School,H,1,FRL,Economically Disadvantaged,Achievement & Growth,277,92%,16,23,1,277,92%,5,11,1,277,91%,9,28,1,231,0.72,1,233,0.67,1,1,202,74%,2
26,Pawtucket,26118,Charles E. Shea High School,H,1,HI7,Hispanic,"Achievement & Growth, Graduation",125,87%,18,24,1,125,86%,4,11,1,125,86%,12,32,1,95,0.69,1,97,0.66,1,1,67,61%,1
26,Pawtucket,26118,Charles E. Shea High School,H,1,IEP,Students with Disabilities,"Achievement & Growth, Graduation",69,86%,5,9,1,69,86%,3,5,1,69,86%,3,18,1,48,0.50,1,48,0.25,1,1,27,63%,1
26,Pawtucket,26118,Charles E. Shea High School,H,1,LEP,English Learners,Achievement & Growth,129,95%,3,8,1,129,95%,1,4,1,128,93%,1,22,1,111,0.67,1,115,0.57,1,1,52,69%,2
26,Pawtucket,26118,Charles E. Shea High School,H,1,MU7,Two or More Races,Achievement,24,92%,17,23,1,24,92%,0,4,1,24,96%,4,26,1,20,0.50,1,19,0.53,,2,24,75%,2
26,Pawtucket,26118,Charles E. Shea High School,H,1,WH7,White,Achievement & Growth,67,91%,20,28,1,67,91%,8,16,1,67,88%,9,28,1,55,0.65,1,55,0.76,1,1,34,68%,2
26,Pawtucket,26120,Elizabeth Baldwin School,E,2,BL7,Black or African American,Achievement & Growth,131,100%,12,29,1,131,100%,11,27,1,48,100%,17,30,1,83,0.84,1,86,0.69,1,,,,
26,Pawtucket,26121,M. Virginia Cunningham School,E,2,IEP,Students with Disabilities,Achievement & Growth,62,100%,3,8,1,61,100%,5,9,1,24,100%,0,6,1,43,0.65,1,43,0.72,1,,,,
27,Portsmouth,27111,Melville Elementary School,E,4,IEP,Students with Disabilities,Achievement,51,98%,18,35,1,51,98%,22,37,1,22,,18,33,1,18,0.89,,18,1.39,,,,,
28,Providence,28,Providence,S,2,AM7,American Indian or Alaska Native,Achievement & Growth,151,93%,15,23,1,149,94%,13,23,1,66,95%,8,23,1,110,0.69,1,112,0.79,1,2,35,74%,3
28,Providence,28,Providence,S,2,IEP,Students with Disabilities,"Achievement & Growth, Graduation",3926,95%,5,12,1,3913,94%,6,14,1,1572,92%,4,14,1,2624,0.73,1,2609,0.73,1,1,289,55%,1
28,Providence,28,Providence,S,2,LEP,English Learners,Achievement & Growth,8116,98%,7,17,1,8093,98%,9,21,1,3457,95%,5,20,1,5752,0.84,1,6304,0.84,1,1,664,75%,2
28,Providence,28103,Leviton Dual Language School,E,3,IEP,Students with Disabilities,Achievement,23,87%,14,24,1,22,86%,24,33,1,8,,,,,9,,,9,,,,,,
28,Providence,28113,Dr. Jorge Alvarez High School,H,1,IEP,Students with Disabilities,Achievement & Growth,24,100%,8,10,1,24,100%,0,0,1,24,92%,0,17,1,21,0.52,1,21,0.38,1,2,28,71%,2
28,Providence,28113,Dr. Jorge Alvarez High School,H,1,LEP,English Learners,Achievement & Growth,89,99%,3,6,1,89,99%,0,2,1,87,97%,0,22,1,60,0.75,1,85,0.69,1,1,97,75%,2
28,Providence,28115,Asa Messer Elementary School,E,3,BL7,Black or African American,Achievement,35,100%,29,38,1,35,100%,23,35,1,10,,20,30,,10,1.00,,14,0.93,,,,,
28,Providence,28119,Bridge Academy,H,1,FRL,Economically Disadvantaged,Achievement,44,73%,0,0,1,44,73%,0,1,1,46,80%,2,21,1,11,0.36,,22,0.41,1,,4,,
28,Providence,28119,Bridge Academy,H,1,HI7,Hispanic,Achievement,55,64%,0,0,1,55,64%,0,0,1,55,84%,0,21,1,11,0.27,,20,0.35,1,,4,,
28,Providence,28119,Bridge Academy,H,1,LEP,English Learners,Achievement,60,67%,0,0,1,60,67%,0,1,1,60,85%,2,22,1,12,0.33,,24,0.46,1,,4,,
28,Providence,28121,Alfred Lima Sr. Elementary School,E,1,BL7,Black or African American,Achievement & Growth,68,99%,1,17,1,67,99%,8,25,1,30,100%,3,17,1,51,0.73,1,54,0.76,1,,,,
28,Providence,28121,Alfred Lima Sr. Elementary School,E,1,FRL,Economically Disadvantaged,Achievement & Growth,545,100%,6,22,1,544,100%,14,31,1,193,100%,8,22,1,352,0.76,1,368,0.80,1,,,,
28,Providence,28127,Webster Avenue School,E,1,FRL,Economically Disadvantaged,Achievement & Growth,272,100%,12,26,1,272,100%,10,26,1,97,100%,8,20,1,176,0.73,1,182,0.75,1,,,,
28,Providence,28127,Webster Avenue School,E,1,HI7,Hispanic,Achievement & Growth,256,100%,14,29,1,256,100%,11,28,1,90,100%,10,21,1,164,0.75,1,169,0.76,1,,,,
28,Providence,28127,Webster Avenue School,E,1,IEP,Students with Disabilities,Achievement & Growth,89,100%,0,7,1,89,100%,0,9,1,37,100%,0,6,1,63,0.57,1,64,0.42,1,,,,
28,Providence,28127,Webster Avenue School,E,1,LEP,English Learners,Achievement & Growth,182,100%,4,19,1,182,100%,5,23,1,65,100%,5,16,1,115,0.76,1,121,0.79,1,,,,
28,Providence,28130,Veazie Street School,E,2,IEP,Students with Disabilities,Achievement & Growth,86,100%,8,18,1,85,100%,13,26,1,29,100%,3,13,1,50,0.52,1,51,0.53,1,,,,
28,Providence,28130,Veazie Street School,E,2,LEP,English Learners,Achievement & Growth,110,100%,10,26,1,110,100%,24,38,1,43,100%,5,16,1,66,0.77,1,71,0.77,1,,,,
28,Providence,28137,Esek Hopkins Middle School,M,1,BL7,Black or African American,Achievement & Growth,129,98%,6,15,1,129,98%,2,13,1,46,100%,7,20,1,106,0.66,1,113,0.61,1,,,,
28,Providence,28137,Esek Hopkins Middle School,M,1,FRL,Economically Disadvantaged,Achievement & Growth,611,97%,3,12,1,607,94%,1,11,1,195,96%,4,17,1,519,0.64,1,534,0.58,1,,,,
28,Providence,28137,Esek Hopkins Middle School,M,1,HI7,Hispanic,Achievement & Growth,454,96%,4,13,1,451,94%,1,11,1,147,95%,4,18,1,373,0.66,1,390,0.59,1,,,,
28,Providence,28137,Esek Hopkins Middle School,M,1,IEP,Students with Disabilities,Achievement & Growth,142,93%,3,7,1,142,90%,1,6,1,47,96%,9,16,1,108,0.61,1,104,0.60,1,,,,
28,Providence,28137,Esek Hopkins Middle School,M,1,LEP,English Learners,Achievement & Growth,267,98%,1,7,1,264,97%,0,9,1,90,97%,1,15,1,207,0.64,1,240,0.68,1,,,,
28,Providence,28137,Esek Hopkins Middle School,M,1,MU7,Two or More Races,Achievement & Growth,35,100%,3,12,1,35,91%,0,14,1,12,100%,8,22,,33,0.73,1,30,0.77,1,,,,
28,Providence,28137,Esek Hopkins Middle School,M,1,WH7,White,Achievement & Growth,53,98%,4,11,1,53,94%,2,11,1,24,100%,4,22,1,47,0.64,1,46,0.50,1,,,,
28,Providence,28139,Central High School,H,1,AS7,Asian,Achievement,25,100%,16,21,1,25,100%,4,9,1,24,79%,13,30,1,16,0.75,,16,1.06,,2,25,84%,4
28,Providence,28139,Central High School,H,1,FRL,Economically Disadvantaged,Achievement & Growth,385,96%,14,20,1,385,95%,3,9,1,379,87%,4,26,1,294,0.77,1,290,0.80,1,1,264,83%,3
28,Providence,28139,Central High School,H,1,HI7,Hispanic,Achievement & Growth,386,96%,13,20,1,386,96%,2,8,1,379,85%,4,25,1,299,0.76,1,298,0.78,1,1,199,82%,3
28,Providence,28139,Central High School,H,1,IEP,Students with Disabilities,Achievement & Growth,47,94%,0,4,1,47,91%,0,0,1,46,70%,0,11,1,31,0.71,1,30,0.43,1,1,44,75%,3
28,Providence,28139,Central High School,H,1,LEP,English Learners,Achievement & Growth,252,95%,3,5,1,252,95%,0,2,1,247,87%,0,20,1,198,0.63,1,198,0.65,1,1,111,77%,2
28,Providence,28143,Nathan Bishop Middle School,M,2,BL7,Black or African American,Achievement & Growth,219,100%,17,31,1,220,100%,10,26,1,75,97%,11,22,1,209,0.81,1,214,0.82,1,,,,
28,Providence,28143,Nathan Bishop Middle School,M,2,FRL,Economically Disadvantaged,Achievement & Growth,997,99%,16,27,1,995,99%,12,26,1,284,99%,10,22,1,913,0.80,1,946,0.81,1,,,,
28,Providence,28143,Nathan Bishop Middle School,M,2,HI7,Hispanic,Achievement & Growth,748,100%,14,25,1,743,100%,10,25,1,207,99%,9,22,1,680,0.81,1,708,0.80,1,,,,
28,Providence,28143,Nathan Bishop Middle School,M,2,IEP,Students with Disabilities,Achievement & Growth,279,99%,4,11,1,278,100%,3,10,1,91,100%,9,16,1,240,0.66,1,241,0.65,1,,,,
28,Providence,28143,Nathan Bishop Middle School,M,2,LEP,English Learners,Achievement & Growth,433,99%,5,14,1,431,100%,6,19,1,102,99%,4,13,1,372,0.80,1,407,0.84,1,,,,
28,Providence,28147,Roger Williams Middle School,M,1,BL7,Black or African American,Achievement & Growth,236,96%,10,20,1,227,94%,4,17,1,65,95%,6,20,1,200,0.69,1,198,0.61,1,,,,
28,Providence,28147,Roger Williams Middle School,M,1,FRL,Economically Disadvantaged,Achievement & Growth,1138,97%,9,18,1,1126,96%,4,17,1,348,95%,6,17,1,982,0.76,1,1026,0.71,1,,,,
28,Providence,28147,Roger Williams Middle School,M,1,HI7,Hispanic,Achievement & Growth,841,98%,9,18,1,840,97%,4,18,1,269,96%,5,16,1,726,0.80,1,771,0.77,1,,,,
28,Providence,28147,Roger Williams Middle School,M,1,IEP,Students with Disabilities,Achievement & Growth,232,95%,0,2,1,225,94%,0,5,1,69,94%,0,3,1,202,0.45,1,190,0.71,1,,,,
28,Providence,28147,Roger Williams Middle School,M,1,LEP,English Learners,Achievement & Growth,613,98%,4,11,1,612,97%,3,15,1,190,95%,2,11,1,504,0.79,1,575,0.80,1,,,,
28,Providence,28147,Roger Williams Middle School,M,1,WH7,White,Achievement & Growth,77,99%,11,19,1,77,95%,4,18,1,26,96%,12,24,1,72,0.64,1,69,0.67,1,,,,
28,Providence,28149,Hope High School,H,1,FRL,Economically Disadvantaged,Graduation,284,96%,18,25,1,284,96%,3,10,1,279,95%,16,36,1,192,0.94,2,194,0.89,2,1,192,64%,1
28,Providence,28149,Hope High School,H,1,HI7,Hispanic,Graduation,247,96%,18,24,1,247,96%,3,10,1,242,93%,14,35,1,167,0.96,2,178,0.80,1,1,140,66%,1
28,Providence,28149,Hope High School,H,1,IEP,Students with Disabilities,"Achievement & Growth, Graduation",62,97%,5,10,1,62,97%,2,6,1,63,98%,3,23,1,39,0.54,1,38,0.66,1,1,45,24%,1
28,Providence,28149,Hope High School,H,1,LEP,English Learners,"Achievement & Growth, Graduation",162,94%,3,7,1,162,94%,0,3,1,158,92%,5,26,1,101,0.81,1,112,0.63,1,1,92,66%,1
28,Providence,28149,Hope High School,H,1,MU7,Two or More Races,Graduation,16,100%,38,42,,16,100%,13,19,,16,94%,25,46,,13,0.62,,13,0.85,,2,20,45%,1
28,Providence,28149,Hope High School,H,1,WH7,White,Graduation,17,94%,6,18,,17,94%,0,8,,16,94%,25,38,,5,,,5,,,2,25,60%,1
28,Providence,28150,Mount Pleasant High School,H,1,FRL,Economically Disadvantaged,Achievement & Growth,435,95%,13,19,1,435,95%,3,7,1,435,94%,3,25,1,338,0.79,1,335,0.77,1,1,268,72%,2
28,Providence,28150,Mount Pleasant High School,H,1,HI7,Hispanic,Achievement & Growth,352,96%,12,18,1,352,95%,3,7,1,351,95%,3,25,1,276,0.75,1,274,0.77,1,1,206,70%,2
28,Providence,28150,Mount Pleasant High School,H,1,IEP,Students with Disabilities,"Achievement & Growth, Graduation",66,98%,3,7,1,66,98%,2,4,1,66,98%,3,21,1,37,0.54,1,37,0.35,1,1,48,48%,1
28,Providence,28150,Mount Pleasant High School,H,1,LEP,English Learners,Achievement & Growth,232,97%,5,8,1,232,97%,2,5,1,231,96%,2,22,1,189,0.62,1,189,0.69,1,1,119,67%,2
28,Providence,28150,Mount Pleasant High School,H,1,WH7,White,Achievement,20,85%,16,18,1,20,85%,0,4,1,20,85%,0,19,1,15,0.53,,15,0.60,,1,22,68%,2
28,Providence,28153,William D'Abate Elementary School,E,2,IEP,Students with Disabilities,Achievement & Growth,79,99%,8,16,1,78,99%,6,15,1,16,100%,0,10,,44,0.59,1,44,0.66,1,,,,
28,Providence,28153,William D'Abate Elementary School,E,2,WH7,White,Achievement,23,100%,13,36,1,23,100%,9,25,1,7,,,,,14,1.00,,14,0.64,,,,,
28,Providence,28160,Mary E. Fogarty Elementary School,E,2,BL7,Black or African American,Achievement & Growth,79,100%,10,20,1,79,100%,9,22,1,21,100%,10,21,1,46,0.80,1,47,0.79,1,,,,
28,Providence,28160,Mary E. Fogarty Elementary School,E,2,IEP,Students with Disabilities,Achievement & Growth,114,100%,1,8,1,114,99%,2,9,1,33,100%,0,4,1,78,0.76,1,76,0.80,1,,,,
28,Providence,28160,Mary E. Fogarty Elementary School,E,2,WH7,White,Achievement,22,100%,9,26,1,22,100%,9,23,1,6,,,,,11,1.00,,13,0.85,,,,,
28,Providence,28161,Harry Kizirian Elementary School,E,2,AS7,Asian,Achievement,24,100%,17,31,1,24,100%,8,24,1,6,,,,,14,0.93,,14,0.93,,,,,
28,Providence,28161,Harry Kizirian Elementary School,E,2,WH7,White,Achievement,36,100%,11,26,1,36,100%,14,22,1,5,,,,,17,0.71,,17,0.47,,,,,
28,Providence,28162,The Sgt. Cornel Young Jr & Charlotte Woods Element,E,1,BL7,Black or African American,Achievement & Growth,90,100%,13,32,1,89,100%,21,36,1,26,100%,15,28,1,52,0.75,1,52,0.81,1,,,,
28,Providence,28162,The Sgt. Cornel Young Jr & Charlotte Woods Element,E,1,FRL,Economically Disadvantaged,Achievement & Growth,490,100%,14,30,1,488,100%,16,31,1,174,100%,17,33,1,298,0.84,1,316,0.82,1,,,,
28,Providence,28162,The Sgt. Cornel Young Jr & Charlotte Woods Element,E,1,IEP,Students with Disabilities,Achievement & Growth,107,100%,3,10,1,106,100%,1,9,1,31,100%,3,13,1,64,0.66,1,63,0.63,1,,,,
28,Providence,28162,The Sgt. Cornel Young Jr & Charlotte Woods Element,E,1,WH7,White,Achievement & Growth,34,100%,21,37,1,34,100%,21,35,1,12,100%,8,25,,23,0.52,1,24,0.54,1,,,,
28,Providence,28165,Pleasant View School,E,3,MU7,Two or More Races,Achievement,21,100%,10,27,1,21,100%,10,25,1,7,,,,,11,1.64,,11,1.09,,,,,
28,Providence,28181,Anthony Carnevale Elementary School,E,2,BL7,Black or African American,Achievement & Growth,42,100%,2,16,1,42,100%,10,26,1,16,100%,19,25,,22,0.64,1,22,0.68,1,,,,
28,Providence,28181,Anthony Carnevale Elementary School,E,2,IEP,Students with Disabilities,Achievement & Growth,130,99%,4,11,1,130,99%,15,22,1,38,100%,8,12,1,58,0.64,1,58,0.59,1,,,,
28,Providence,28181,Anthony Carnevale Elementary School,E,2,LEP,English Learners,Achievement & Growth,175,100%,9,21,1,175,100%,17,29,1,45,100%,7,16,1,86,0.83,1,92,0.71,1,,,,
28,Providence,28181,Anthony Carnevale Elementary School,E,2,WH7,White,Achievement & Growth,35,100%,14,28,1,35,100%,14,31,1,15,100%,20,31,,21,0.67,1,21,0.57,1,,,,
28,Providence,28182,Governor Christopher DelSesto Middle School,M,1,FRL,Economically Disadvantaged,Achievement & Growth,1209,98%,8,16,1,1201,97%,3,14,1,457,98%,6,18,1,1043,0.78,1,1092,0.69,1,,,,
28,Providence,28182,Governor Christopher DelSesto Middle School,M,1,HI7,Hispanic,Achievement & Growth,991,98%,7,15,1,986,98%,3,14,1,358,97%,5,18,1,867,0.75,1,923,0.68,1,,,,
28,Providence,28182,Governor Christopher DelSesto Middle School,M,1,IEP,Students with Disabilities,Achievement & Growth,260,97%,6,11,1,259,96%,2,8,1,84,94%,6,17,1,203,0.84,1,200,0.81,1,,,,
28,Providence,28182,Governor Christopher DelSesto Middle School,M,1,LEP,English Learners,Achievement & Growth,660,98%,4,10,1,654,98%,2,11,1,227,97%,3,13,1,545,0.72,1,608,0.70,1,,,,
28,Providence,28182,Governor Christopher DelSesto Middle School,M,1,MU7,Two or More Races,Achievement & Growth,51,96%,6,16,1,51,94%,0,12,1,23,96%,0,11,1,41,0.73,1,39,0.67,1,,,,
28,Providence,28182,Governor Christopher DelSesto Middle School,M,1,WH7,White,Achievement & Growth,90,97%,8,17,1,89,97%,5,16,1,38,100%,8,21,1,81,0.84,1,80,0.66,1,,,,
28,Providence,28187,E-Cubed Academy,H,2,IEP,Students with Disabilities,Achievement & Growth,33,100%,9,14,1,33,100%,0,2,1,33,100%,3,22,1,33,0.61,1,33,0.58,1,3,24,83%,4
28,Providence,28187,E-Cubed Academy,H,2,LEP,English Learners,Achievement & Growth,49,100%,18,22,1,49,100%,4,10,1,49,98%,6,28,1,43,0.72,1,48,0.71,1,1,50,76%,3
28,Providence,28189,"William B. Cooley, Sr. High School and the Provide",H,2,IEP,Students with Disabilities,"Achievement, Graduation",38,95%,8,15,1,38,92%,3,8,1,38,92%,5,20,1,20,0.65,1,19,0.74,,1,26,62%,1
28,Providence,28189,"William B. Cooley, Sr. High School and the Provide",H,2,LEP,English Learners,Achievement & Growth,149,93%,8,11,1,149,92%,3,7,1,147,92%,4,23,1,110,0.74,1,116,0.70,1,1,95,87%,3
28,Providence,28193,Providence Career and Technical Academy,H,2,IEP,Students with Disabilities,Achievement & Growth,48,98%,6,11,1,48,98%,2,5,1,47,100%,4,27,1,45,0.60,1,45,0.62,1,2,39,72%,3
28,Providence,28193,Providence Career and Technical Academy,H,2,LEP,English Learners,Achievement & Growth,119,99%,3,9,1,119,99%,1,5,1,116,99%,2,27,1,114,0.54,1,116,0.66,1,1,40,93%,4
28,Providence,28194,West Broadway Middle School,M,2,IEP,Students with Disabilities,Achievement & Growth,151,99%,1,5,1,149,98%,1,8,1,69,97%,4,10,1,140,0.66,1,141,0.83,1,,,,
28,Providence,28198,Times2 Middle/High School,S,2,IEP,Students with Disabilities,Achievement & Growth,42,95%,3,11,1,42,98%,5,11,1,17,94%,6,25,,39,0.64,1,40,0.48,1,3,13,92%,
28,Providence,28198,Times2 Middle/High School,S,2,LEP,English Learners,Achievement & Growth,97,97%,5,18,1,97,99%,3,18,1,34,97%,6,26,1,92,0.58,1,94,0.61,1,,6,,
28,Providence,28198,Times2 Middle/High School,S,2,WH7,White,Achievement & Growth,35,100%,20,33,1,35,100%,20,30,1,17,100%,41,55,,35,0.83,1,35,0.57,1,,3,,
28,Providence,28199,Aventure Academy,H,1,BL7,Black or African American,"Achievement, Graduation",22,27%,0,3,1,22,27%,0,2,1,22,32%,0,3,1,3,,,3,,,1,23,65%,1
28,Providence,28199,Aventure Academy,H,1,FRL,Economically Disadvantaged,Achievement,81,30%,0,1,1,81,30%,0,0,1,71,31%,0,5,1,10,0.50,,10,0.30,,1,123,70%,2
28,Providence,28199,Aventure Academy,H,1,HI7,Hispanic,Achievement,61,31%,3,3,1,61,31%,2,2,1,49,33%,0,4,1,6,,,6,,,1,82,77%,2
28,Providence,28199,Aventure Academy,H,1,IEP,Students with Disabilities,Achievement,57,35%,2,2,1,57,35%,0,0,1,52,40%,0,5,1,7,,,7,,,1,48,71%,2
28,Providence,28199,Aventure Academy,H,1,LEP,English Learners,Achievement,26,42%,0,0,1,26,42%,0,0,1,23,30%,0,3,1,3,,,3,,,1,44,70%,2
32,South Kingstown,32,South Kingstown,S,3,IEP,Students with Disabilities,Graduation,340,98%,8,21,1,339,96%,11,24,1,128,95%,12,27,1,248,0.87,2,244,0.88,2,2,39,54%,1
32,South Kingstown,32108,South Kingstown High School,H,4,IEP,Students with Disabilities,"Achievement, Graduation",25,88%,13,15,1,25,88%,0,1,1,25,80%,8,31,1,19,0.79,,19,0.58,,2,33,61%,1
32,South Kingstown,32112,West Kingston Elementary School,E,3,IEP,Students with Disabilities,Achievement & Growth,37,100%,8,23,1,37,100%,22,34,1,8,,,,,21,0.52,1,21,0.81,1,,,,
32,South Kingstown,32113,Matunuck School,E,4,IEP,Students with Disabilities,Achievement,42,100%,7,27,1,41,100%,17,28,1,9,,,,,18,0.89,,17,0.59,,,,,
33,Tiverton,33,Tiverton,S,3,BL7,Black or African American,Achievement,22,95%,5,14,1,22,95%,5,14,1,13,100%,8,13,,17,0.35,,17,0.82,,,6,,
33,Tiverton,33,Tiverton,S,3,IEP,Students with Disabilities,Achievement & Growth,347,99%,13,26,1,347,98%,14,28,1,142,96%,12,27,1,241,0.76,1,240,0.79,1,1,24,83%,3
33,Tiverton,33,Tiverton,S,3,LEP,English Learners,Achievement,23,100%,26,33,1,23,100%,26,39,1,10,100%,0,20,,14,1.07,,15,0.87,,,0,,
33,Tiverton,33108,Tiverton High School,H,3,IEP,Students with Disabilities,Achievement & Growth,29,100%,17,21,1,29,100%,3,13,1,29,97%,11,27,1,22,0.68,1,22,0.64,1,1,20,90%,4
33,Tiverton,33110,Tiverton Middle School,M,3,IEP,Students with Disabilities,Achievement & Growth,173,100%,7,19,1,172,99%,8,23,1,89,99%,13,28,1,156,0.81,1,152,0.78,1,,,,
35,Warwick,35,Warwick,S,3,AM7,American Indian or Alaska Native,Achievement & Growth,28,96%,15,31,1,28,96%,4,26,1,16,100%,13,31,,25,0.56,1,25,0.72,1,,9,,
35,Warwick,35,Warwick,S,3,IEP,Students with Disabilities,Achievement & Growth,1715,95%,7,18,1,1707,95%,7,18,1,681,92%,6,19,1,1186,0.77,1,1170,0.80,1,1,106,67%,2
35,Warwick,35101,Norwood School,E,3,IEP,Students with Disabilities,Achievement & Growth,66,100%,9,24,1,64,100%,17,32,1,16,100%,6,25,,32,0.59,1,31,0.74,1,,,,
35,Warwick,35104,Oakland Beach Elementary School,E,2,IEP,Students with Disabilities,Achievement & Growth,92,98%,3,11,1,92,100%,10,16,1,30,93%,0,9,1,53,0.49,1,55,0.49,1,,,,
35,Warwick,35104,Oakland Beach Elementary School,E,2,LEP,English Learners,Achievement,29,100%,14,26,1,29,100%,14,28,1,8,,,,,16,1.06,,16,0.88,,,,,
35,Warwick,35104,Oakland Beach Elementary School,E,2,MU7,Two or More Races,Achievement,26,100%,27,37,1,26,100%,27,37,1,6,,,,,15,0.53,,15,1.07,,,,,
35,Warwick,35131,Cedar Hill School,E,3,FRL,Economically Disadvantaged,Achievement & Growth,89,99%,18,34,1,89,100%,18,35,1,27,100%,19,33,1,59,0.54,1,59,0.66,1,,,,
35,Warwick,35131,Cedar Hill School,E,3,HI7,Hispanic,Achievement & Growth,37,95%,26,39,1,37,97%,22,35,1,12,92%,8,17,,21,0.71,1,21,0.71,1,,,,
35,Warwick,35131,Cedar Hill School,E,3,IEP,Students with Disabilities,Achievement & Growth,97,99%,4,19,1,97,98%,7,23,1,31,97%,3,13,1,58,0.55,1,58,0.67,1,,,,
35,Warwick,35131,Cedar Hill School,E,3,MU7,Two or More Races,Achievement & Growth,37,100%,16,29,1,37,100%,19,34,1,12,100%,17,33,,25,0.68,1,25,0.64,1,,,,
35,Warwick,35133,Warwick Neck School,E,3,MU7,Two or More Races,Achievement,24,100%,17,38,1,24,100%,8,32,1,7,,,,,14,0.93,,14,0.64,,,,,
35,Warwick,35134,Pilgrim High School,H,3,IEP,Students with Disabilities,Achievement & Growth,67,87%,9,15,1,67,87%,3,7,1,65,91%,10,30,1,50,0.62,1,50,0.60,1,1,44,80%,3
35,Warwick,35135,Harold F. Scott School,E,3,IEP,Students with Disabilities,Achievement,23,100%,4,20,1,23,100%,13,26,1,5,,,,,9,,,9,,,,,,
35,Warwick,35138,Toll Gate High School,H,2,IEP,Students with Disabilities,Achievement & Growth,110,87%,14,21,1,110,87%,2,6,1,110,86%,9,29,1,82,0.83,1,79,0.62,1,1,42,74%,3
35,Warwick,35139,Winman Middle School,M,3,FRL,Economically Disadvantaged,Achievement & Growth,517,99%,20,34,1,508,99%,23,38,1,166,98%,16,33,1,489,0.78,1,478,0.79,1,,,,
35,Warwick,35139,Winman Middle School,M,3,IEP,Students with Disabilities,Achievement & Growth,234,98%,5,14,1,231,98%,5,16,1,83,100%,2,13,1,216,0.70,1,208,0.63,1,,,,
36,Westerly,36,Westerly,S,3,IEP,Students with Disabilities,Graduation,422,96%,11,23,1,422,96%,10,24,1,168,92%,16,29,1,303,0.86,2,304,0.92,2,1,23,61%,1
36,Westerly,36106,State Street School,E,3,IEP,Students with Disabilities,Achievement,39,100%,8,25,1,39,100%,15,31,1,18,,28,46,,14,1.43,,14,1.36,,,,,
36,Westerly,36109,Dunn's Corners School,E,2,IEP,Students with Disabilities,Achievement,34,97%,15,30,1,34,100%,15,28,1,19,,0,12,,12,1.08,,12,0.67,,,,,
36,Westerly,36111,Springbrook Elementary School,E,3,IEP,Students with Disabilities,Achievement & Growth,54,100%,11,23,1,54,100%,17,26,1,25,,20,23,1,30,0.67,1,30,0.83,1,,,,
38,West Warwick,38,West Warwick,S,2,BL7,Black or African American,Achievement & Growth,196,98%,17,29,1,196,98%,7,20,1,100,95%,6,23,1,157,0.83,1,159,0.81,1,1,20,85%,3
38,West Warwick,38,West Warwick,S,2,IEP,Students with Disabilities,Achievement & Growth,903,95%,4,13,1,899,94%,4,11,1,379,89%,4,15,1,624,0.70,1,615,0.72,1,1,62,71%,2
38,West Warwick,38,West Warwick,S,2,MU7,Two or More Races,Achievement & Growth,195,97%,17,32,1,195,97%,10,24,1,78,92%,12,26,1,144,0.83,1,143,0.79,1,2,20,75%,2
38,West Warwick,38104,John F. Horgan Elementary School,E,2,IEP,Students with Disabilities,Achievement & Growth,68,97%,6,14,1,66,97%,6,11,1,24,,4,14,1,28,0.64,1,27,0.59,1,,,,
38,West Warwick,38104,John F. Horgan Elementary School,E,2,LEP,English Learners,Achievement,20,100%,5,23,1,20,100%,5,17,1,6,,,,,4,,,5,,,,,,
38,West Warwick,38106,West Warwick Senior High School,H,2,IEP,Students with Disabilities,Achievement & Growth,117,91%,13,19,1,117,89%,4,7,1,115,85%,5,23,1,94,0.73,1,91,0.60,1,1,54,78%,2
38,West Warwick,38106,West Warwick Senior High School,H,2,LEP,English Learners,Achievement & Growth,25,100%,12,20,1,25,100%,0,1,1,25,84%,0,18,1,20,0.80,1,22,0.77,1,3,19,68%,
38,West Warwick,38107,John F. Deering Middle School,M,2,BL7,Black or African American,Achievement & Growth,119,99%,8,21,1,119,98%,5,19,1,61,98%,5,17,1,106,0.73,1,106,0.83,1,,,,
38,West Warwick,38107,John F. Deering Middle School,M,2,IEP,Students with Disabilities,Achievement & Growth,503,95%,3,10,1,501,95%,2,9,1,246,93%,4,12,1,421,0.66,1,417,0.76,1,,,,
38,West Warwick,38107,John F. Deering Middle School,M,2,MU7,Two or More Races,Achievement & Growth,97,96%,9,22,1,97,96%,5,20,1,53,92%,8,20,1,89,0.66,1,88,0.78,1,,,,
39,Woonsocket,39,Woonsocket,S,1,BL7,Black or African American,"Achievement & Growth, Graduation",648,97%,12,26,1,645,97%,8,21,1,288,95%,11,28,1,474,0.79,1,483,0.83,1,1,51,67%,1
39,Woonsocket,39,Woonsocket,S,1,FRL,Economically Disadvantaged,"Achievement & Growth, Graduation",3739,97%,9,22,1,3730,97%,7,21,1,1569,93%,11,25,1,2806,0.75,1,2827,0.77,1,1,312,59%,1
39,Woonsocket,39,Woonsocket,S,1,HI7,Hispanic,"Achievement & Growth, Graduation",1785,97%,8,21,1,1784,97%,6,19,1,795,92%,9,24,1,1397,0.76,1,1390,0.78,1,1,119,55%,1
39,Woonsocket,39,Woonsocket,S,1,IEP,Students with Disabilities,"Achievement & Growth, Graduation",1589,96%,3,9,1,1589,95%,2,9,1,673,90%,4,14,1,1115,0.68,1,1099,0.68,1,1,102,52%,1
39,Woonsocket,39,Woonsocket,S,1,LEP,English Learners,Graduation,961,98%,4,14,1,961,98%,5,16,1,405,95%,3,18,1,639,0.78,1,697,0.85,2,1,55,53%,1
39,Woonsocket,39,Woonsocket,S,1,MU7,Two or More Races,"Achievement & Growth, Graduation",374,95%,13,27,1,373,95%,9,23,1,152,91%,13,28,1,279,0.73,1,273,0.72,1,1,25,48%,1
39,Woonsocket,39,Woonsocket,S,1,WH7,White,"Achievement & Growth, Graduation",2265,98%,13,27,1,2260,98%,12,26,1,942,94%,19,33,1,1658,0.76,1,1688,0.78,1,1,149,66%,1
39,Woonsocket,39101,Harris School,E,1,FRL,Economically Disadvantaged,Achievement & Growth,281,100%,9,23,1,278,100%,8,22,1,101,100%,7,21,1,189,0.72,1,190,0.78,1,,,,
39,Woonsocket,39101,Harris School,E,1,HI7,Hispanic,Achievement & Growth,118,100%,7,19,1,116,100%,9,21,1,36,100%,6,19,1,82,0.68,1,79,0.73,1,,,,
39,Woonsocket,39101,Harris School,E,1,IEP,Students with Disabilities,Achievement & Growth,112,100%,0,7,1,112,100%,4,8,1,44,100%,2,10,1,70,0.54,1,72,0.50,1,,,,
39,Woonsocket,39101,Harris School,E,1,WH7,White,Achievement & Growth,169,100%,8,25,1,169,100%,8,25,1,59,100%,12,28,1,101,0.68,1,104,0.76,1,,,,
39,Woonsocket,39118,Bernon Heights School,E,2,IEP,Students with Disabilities,Achievement & Growth,99,100%,2,9,1,99,100%,3,15,1,35,100%,9,17,1,62,0.66,1,62,0.77,1,,,,
39,Woonsocket,39118,Bernon Heights School,E,2,LEP,English Learners,Achievement,22,100%,5,18,1,22,100%,5,21,1,10,100%,0,17,,15,0.73,,15,0.87,,,,,
39,Woonsocket,39118,Bernon Heights School,E,2,MU7,Two or More Races,Achievement,26,100%,8,23,1,26,100%,12,29,1,11,100%,18,33,,16,0.50,,16,0.75,,,,,
39,Woonsocket,39119,Globe Park School,E,1,BL7,Black or African American,Achievement & Growth,62,100%,13,32,1,62,100%,10,24,1,18,100%,11,26,,37,0.51,1,38,0.61,1,,,,
39,Woonsocket,39119,Globe Park School,E,1,FRL,Economically Disadvantaged,Achievement & Growth,378,99%,10,23,1,376,99%,8,22,1,129,99%,12,23,1,223,0.46,1,224,0.58,1,,,,
39,Woonsocket,39119,Globe Park School,E,1,HI7,Hispanic,Achievement & Growth,159,99%,11,22,1,158,100%,9,24,1,58,100%,9,20,1,95,0.44,1,96,0.71,1,,,,
39,Woonsocket,39119,Globe Park School,E,1,IEP,Students with Disabilities,Achievement & Growth,167,100%,3,8,1,166,100%,5,11,1,52,98%,4,13,1,86,0.42,1,85,0.55,1,,,,
39,Woonsocket,39119,Globe Park School,E,1,LEP,English Learners,Achievement & Growth,88,100%,6,18,1,88,100%,6,17,1,26,100%,12,22,1,47,0.55,1,50,0.72,1,,,,
39,Woonsocket,39119,Globe Park School,E,1,MU7,Two or More Races,Achievement,33,100%,9,20,1,33,100%,6,27,1,9,,,,,17,0.29,,17,0.35,,,,,
39,Woonsocket,39119,Globe Park School,E,1,WH7,White,Achievement & Growth,230,100%,12,27,1,229,99%,13,27,1,79,99%,15,27,1,144,0.53,1,144,0.47,1,,,,
39,Woonsocket,39120,Leo A. Savoie School,E,2,FRL,Economically Disadvantaged,Achievement & Growth,235,100%,10,31,1,232,100%,15,30,1,76,100%,14,33,1,142,0.69,1,145,0.81,1,,,,
39,Woonsocket,39120,Leo A. Savoie School,E,2,HI7,Hispanic,Achievement & Growth,99,100%,12,32,1,98,100%,10,26,1,38,100%,5,28,1,65,0.80,1,65,0.82,1,,,,
39,Woonsocket,39120,Leo A. Savoie School,E,2,IEP,Students with Disabilities,Achievement & Growth,65,100%,6,17,1,64,100%,6,14,1,18,100%,0,11,,32,0.53,1,32,0.72,1,,,,
39,Woonsocket,39120,Leo A. Savoie School,E,2,LEP,English Learners,Achievement,31,100%,6,23,1,31,100%,19,30,1,7,,,,,10,1.10,,15,1.53,,,,,
39,Woonsocket,39123,Woonsocket High School,H,1,BL7,Black or African American,"Achievement & Growth, Graduation",113,93%,19,27,1,113,93%,6,10,1,112,93%,9,31,1,89,0.74,1,92,0.74,1,1,50,66%,1
39,Woonsocket,39123,Woonsocket High School,H,1,FRL,Economically Disadvantaged,"Achievement & Growth, Graduation",411,93%,26,32,1,411,93%,5,13,1,405,89%,12,32,1,321,0.81,1,325,0.78,1,1,279,63%,1
39,Woonsocket,39123,Woonsocket High School,H,1,HI7,Hispanic,"Achievement & Growth, Graduation",233,93%,22,28,1,233,93%,7,14,1,229,88%,11,30,1,188,0.70,1,188,0.73,1,1,102,62%,1
39,Woonsocket,39123,Woonsocket High School,H,1,IEP,Students with Disabilities,"Achievement & Growth, Graduation",162,88%,12,14,1,162,88%,3,6,1,159,87%,5,21,1,102,0.64,1,102,0.43,1,1,85,55%,1
39,Woonsocket,39123,Woonsocket High School,H,1,LEP,English Learners,"Achievement & Growth, Graduation",131,92%,6,10,1,131,92%,3,6,1,128,91%,2,22,1,91,0.65,1,97,0.61,1,1,52,52%,1
39,Woonsocket,39123,Woonsocket High School,H,1,MU7,Two or More Races,Graduation,53,89%,35,42,2,53,89%,10,16,1,49,94%,17,38,1,37,1.00,2,37,0.81,1,1,22,50%,1
39,Woonsocket,39128,Kevin K. Coleman Elementary School,E,1,BL7,Black or African American,Achievement,21,100%,0,17,1,20,100%,0,22,1,4,,,,,12,0.92,,12,1.00,,,,,
39,Woonsocket,39128,Kevin K. Coleman Elementary School,E,1,HI7,Hispanic,Achievement & Growth,82,99%,1,16,1,82,99%,2,19,1,32,100%,3,10,1,55,0.78,1,56,0.77,1,,,,
39,Woonsocket,39128,Kevin K. Coleman Elementary School,E,1,LEP,English Learners,Achievement & Growth,101,100%,1,14,1,100,100%,3,15,1,33,100%,3,12,1,57,0.77,1,63,0.79,1,,,,
39,Woonsocket,39128,Kevin K. Coleman Elementary School,E,1,WH7,White,Achievement & Growth,117,100%,2,18,1,117,100%,3,18,1,35,100%,11,24,1,64,0.67,1,69,0.77,1,,,,
39,Woonsocket,39131,Woonsocket Middle School at Hamlet,M,1,BL7,Black or African American,Achievement & Growth,139,98%,5,19,1,138,98%,10,22,1,49,90%,11,21,1,128,0.84,1,127,0.83,1,,,,
39,Woonsocket,39131,Woonsocket Middle School at Hamlet,M,1,FRL,Economically Disadvantaged,Achievement & Growth,749,98%,6,18,1,746,97%,5,18,1,251,89%,11,22,1,691,0.71,1,678,0.75,1,,,,
39,Woonsocket,39131,Woonsocket Middle School at Hamlet,M,1,HI7,Hispanic,Achievement & Growth,325,99%,5,17,1,325,97%,4,17,1,109,89%,9,21,1,306,0.69,1,300,0.74,1,,,,
39,Woonsocket,39131,Woonsocket Middle School at Hamlet,M,1,IEP,Students with Disabilities,Achievement & Growth,340,98%,2,7,1,339,95%,1,6,1,122,86%,3,9,1,306,0.67,1,296,0.72,1,,,,
39,Woonsocket,39131,Woonsocket Middle School at Hamlet,M,1,MU7,Two or More Races,Achievement & Growth,88,100%,9,22,1,87,99%,6,20,1,26,92%,8,23,1,84,0.71,1,81,0.69,1,,,,
39,Woonsocket,39131,Woonsocket Middle School at Hamlet,M,1,WH7,White,Achievement & Growth,418,99%,8,21,1,416,97%,6,21,1,148,89%,17,29,1,378,0.68,1,373,0.74,1,,,,
39,Woonsocket,39132,Woonsocket Middle School at Villa Nova,M,1,FRL,Economically Disadvantaged,Achievement & Growth,687,97%,7,19,1,687,97%,5,20,1,253,91%,8,20,1,611,0.81,1,625,0.79,1,,,,
39,Woonsocket,39132,Woonsocket Middle School at Villa Nova,M,1,MU7,Two or More Races,Achievement & Growth,62,92%,5,16,1,62,92%,0,12,1,17,76%,6,12,,57,0.74,1,54,0.59,1,,,,
39,Woonsocket,39132,Woonsocket Middle School at Villa Nova,M,1,WH7,White,Achievement & Growth,404,100%,10,22,1,403,99%,9,25,1,142,92%,9,23,1,349,0.81,1,368,0.83,1,,,,
39,Woonsocket,39133,Pothier-Citizens Elementary Campus,E,1,BL7,Black or African American,Achievement & Growth,56,100%,13,28,1,56,100%,9,26,1,17,100%,12,29,,37,0.78,1,37,0.84,1,,,,
39,Woonsocket,39133,Pothier-Citizens Elementary Campus,E,1,FRL,Economically Disadvantaged,Achievement & Growth,430,100%,6,20,1,429,100%,5,18,1,153,99%,9,21,1,293,0.83,1,298,0.75,1,,,,
39,Woonsocket,39133,Pothier-Citizens Elementary Campus,E,1,HI7,Hispanic,Achievement & Growth,246,100%,7,22,1,246,100%,7,21,1,94,99%,9,23,1,176,0.84,1,176,0.80,1,,,,
39,Woonsocket,39133,Pothier-Citizens Elementary Campus,E,1,IEP,Students with Disabilities,Achievement & Growth,183,100%,0,7,1,182,100%,0,6,1,70,100%,0,10,1,129,0.64,1,128,0.69,1,,,,
39,Woonsocket,39133,Pothier-Citizens Elementary Campus,E,1,LEP,English Learners,Achievement & Growth,137,100%,5,18,1,137,100%,7,20,1,42,100%,7,20,1,78,0.83,1,83,0.71,1,,,,
39,Woonsocket,39133,Pothier-Citizens Elementary Campus,E,1,MU7,Two or More Races,Achievement,26,96%,0,16,1,26,100%,8,23,1,10,100%,10,20,,18,0.72,,19,0.68,,,,,
41,Achievement First Rhode Island,28615,AF Providence Mayoral Academy Middle,M,2,WH7,White,Achievement & Growth,28,100%,18,32,1,28,96%,19,37,1,14,100%,14,33,,28,0.64,1,26,0.62,1,,,,
41,Achievement First Rhode Island,41605,Achievement First Promesa Elementary,E,3,IEP,Students with Disabilities,Achievement & Growth,58,100%,10,26,1,58,100%,17,29,1,8,,,,,31,0.84,1,31,0.32,1,,,,
41,Achievement First Rhode Island,41607,Achievement First Envision Elementary,E,2,FRL,Economically Disadvantaged,Achievement & Growth,219,99%,19,35,1,218,98%,19,34,1,,,,,,79,0.80,1,78,0.58,1,,,,
41,Achievement First Rhode Island,41607,Achievement First Envision Elementary,E,2,HI7,Hispanic,Achievement & Growth,165,98%,20,36,1,164,97%,21,37,1,,,,,,51,0.78,1,50,0.64,1,,,,
41,Achievement First Rhode Island,41607,Achievement First Envision Elementary,E,2,IEP,Students with Disabilities,Achievement,32,97%,0,6,1,32,97%,6,12,1,,,,,,10,0.50,,11,0.27,,,,,
42,Sheila Skip Nowell Leadership Academy,42,Sheila Skip Nowell Leadership Academy,H,1,BL7,Black or African American,Graduation,6,,,,,6,,,,,6,,,,,2,,,2,,,2,27,30%,1
42,Sheila Skip Nowell Leadership Academy,42,Sheila Skip Nowell Leadership Academy,H,1,FRL,Economically Disadvantaged,"Achievement, Graduation",45,87%,5,9,1,45,87%,2,4,1,39,77%,0,22,1,19,0.63,,19,0.74,,1,55,22%,1
42,Sheila Skip Nowell Leadership Academy,42,Sheila Skip Nowell Leadership Academy,H,1,HI7,Hispanic,"Achievement & Growth, Graduation",44,89%,5,10,1,44,89%,0,2,1,40,85%,0,25,1,20,0.70,1,21,0.71,1,1,30,37%,1
42,Sheila Skip Nowell Leadership Academy,42,Sheila Skip Nowell Leadership Academy,H,1,IEP,Students with Disabilities,Graduation,7,,,,,7,,,,,5,,,,,2,,,2,,,3,27,30%,1
42,Sheila Skip Nowell Leadership Academy,42,Sheila Skip Nowell Leadership Academy,H,1,LEP,English Learners,"Achievement, Graduation",25,96%,0,1,1,25,96%,0,0,1,25,88%,0,18,1,12,0.50,,13,0.69,,2,25,48%,1
42,Sheila Skip Nowell Leadership Academy,28610,Sheila Skip Nowell Leadership Academy,H,1,BL7,Black or African American,Graduation,6,,,,,6,,,,,6,,,,,2,,,2,,,2,27,30%,1
42,Sheila Skip Nowell Leadership Academy,28610,Sheila Skip Nowell Leadership Academy,H,1,FRL,Economically Disadvantaged,"Achievement, Graduation",45,87%,5,9,1,45,87%,2,4,1,39,77%,0,22,1,19,0.63,,19,0.74,,1,55,22%,1
42,Sheila Skip Nowell Leadership Academy,28610,Sheila Skip Nowell Leadership Academy,H,1,HI7,Hispanic,"Achievement & Growth, Graduation",44,89%,5,10,1,44,89%,0,2,1,40,85%,0,25,1,20,0.70,1,21,0.71,1,1,30,37%,1
42,Sheila Skip Nowell Leadership Academy,28610,Sheila Skip Nowell Leadership Academy,H,1,IEP,Students with Disabilities,Graduation,7,,,,,7,,,,,5,,,,,2,,,2,,,3,27,30%,1
42,Sheila Skip Nowell Leadership Academy,28610,Sheila Skip Nowell Leadership Academy,H,1,LEP,English Learners,"Achievement, Graduation",25,96%,0,1,1,25,96%,0,0,1,25,88%,0,18,1,12,0.50,,13,0.69,,2,25,48%,1
46,Segue Institute for Learning,46,Segue Institute for Learning,S,2,WH7,White,Achievement,26,100%,8,24,1,26,100%,15,26,1,8,,,,,19,0.74,,19,0.79,,,,,
46,Segue Institute for Learning,04602,Segue Institute for Learning,S,2,WH7,White,Achievement,26,100%,8,24,1,26,100%,15,26,1,8,,,,,19,0.74,,19,0.79,,,,,
47,"Blackstone Valley Prep, A RI Mayoral Academy",08603,Blackstone Valley Prep Elementary 2 School,E,3,IEP,Students with Disabilities,Achievement & Growth,52,100%,8,22,1,52,100%,4,18,1,22,,9,24,1,25,0.76,1,25,0.56,1,,,,
47,"Blackstone Valley Prep, A RI Mayoral Academy",08606,Blackstone Valley Prep Upper Elementary School,M,2,IEP,Students with Disabilities,Achievement & Growth,127,99%,3,10,1,127,100%,8,17,1,66,97%,5,17,1,119,0.76,1,120,0.78,1,,,,
48,Highlander,48,Highlander,S,2,IEP,Students with Disabilities,Achievement & Growth,143,98%,4,9,1,143,97%,1,10,1,70,96%,3,15,1,119,0.76,1,116,0.83,1,2,20,70%,3
48,Highlander,48601,Highlander Elementary Charter School,E,2,WH7,White,Achievement,20,100%,5,23,1,20,100%,10,28,1,6,,,,,15,1.00,,15,1.13,,,,,
48,Highlander,48602,Highlander Secondary Charter School,S,2,BL7,Black or African American,Achievement & Growth,81,99%,14,28,1,80,96%,5,21,1,58,97%,4,21,1,68,0.79,1,68,0.65,1,2,24,79%,3
48,Highlander,48602,Highlander Secondary Charter School,S,2,IEP,Students with Disabilities,Achievement & Growth,76,97%,3,7,1,74,96%,1,7,1,50,100%,2,18,1,71,0.70,1,68,0.75,1,2,20,70%,3
48,Highlander,48602,Highlander Secondary Charter School,S,2,WH7,White,Achievement & Growth,50,98%,16,26,1,48,98%,6,15,1,31,97%,10,28,1,44,0.73,1,43,0.79,1,3,19,74%,
50,R.I. Sch for the Deaf,50,R.I. Sch for the Deaf,S,1,FRL,Economically Disadvantaged,Achievement & Growth,53,98%,10,15,1,53,98%,6,13,1,22,100%,5,24,1,33,0.73,1,34,0.59,1,3,16,13%,
50,R.I. Sch for the Deaf,50,R.I. Sch for the Deaf,S,1,HI7,Hispanic,Achievement & Growth,35,100%,11,15,1,35,100%,3,11,1,14,100%,7,26,,26,0.73,1,27,0.56,1,,7,,
50,R.I. Sch for the Deaf,50,R.I. Sch for the Deaf,S,1,IEP,Students with Disabilities,Achievement & Growth,72,99%,10,17,1,72,99%,8,16,1,32,100%,6,29,1,40,0.75,1,41,0.63,1,3,16,13%,
50,R.I. Sch for the Deaf,50,R.I. Sch for the Deaf,S,1,LEP,English Learners,Achievement,22,100%,14,17,1,22,100%,0,9,1,8,,,,,12,0.75,,13,0.69,,,5,,
50,R.I. Sch for the Deaf,50,R.I. Sch for the Deaf,S,1,WH7,White,Achievement,26,85%,8,21,1,26,85%,16,23,1,11,91%,9,33,,7,,,7,,,,7,,
50,R.I. Sch for the Deaf,28702,Rhode Island School for the Deaf,S,1,FRL,Economically Disadvantaged,Achievement & Growth,53,98%,10,15,1,53,98%,6,13,1,22,100%,5,24,1,33,0.73,1,34,0.59,1,3,16,13%,
50,R.I. Sch for the Deaf,28702,Rhode Island School for the Deaf,S,1,HI7,Hispanic,Achievement & Growth,35,100%,11,15,1,35,100%,3,11,1,14,100%,7,26,,26,0.73,1,27,0.56,1,,7,,
50,R.I. Sch for the Deaf,28702,Rhode Island School for the Deaf,S,1,IEP,Students with Disabilities,Achievement & Growth,72,99%,10,17,1,72,99%,8,16,1,32,100%,6,29,1,40,0.75,1,41,0.63,1,3,16,13%,
50,R.I. Sch for the Deaf,28702,Rhode Island School for the Deaf,S,1,LEP,English Learners,Achievement,22,100%,14,17,1,22,100%,0,9,1,8,,,,,12,0.75,,13,0.69,,,5,,
50,R.I. Sch for the Deaf,28702,Rhode Island School for the Deaf,S,1,WH7,White,Achievement,26,85%,8,21,1,26,85%,16,23,1,11,91%,9,33,,7,,,7,,,,7,,
51,Paul Cuffee Charter Sch,51601,Paul Cuffee Lower School,E,2,IEP,Students with Disabilities,Achievement & Growth,49,100%,14,22,1,49,100%,12,24,1,11,100%,18,27,,21,0.67,1,21,0.76,1,,,,
51,Paul Cuffee Charter Sch,51601,Paul Cuffee Lower School,E,2,MU7,Two or More Races,Achievement,20,100%,15,33,1,20,100%,10,30,1,7,,,,,13,1.00,,13,1.00,,,,,
51,Paul Cuffee Charter Sch,51603,Paul Cuffee Upper School,H,2,IEP,Students with Disabilities,Achievement,27,93%,12,18,1,27,93%,0,6,1,26,100%,4,27,1,18,1.00,,18,0.72,,3,28,75%,3
58,Beacon Charter School,58,Beacon Charter School,S,2,BL7,Black or African American,Achievement & Growth,36,100%,11,28,1,36,100%,3,22,1,17,100%,29,37,,36,0.78,1,36,0.81,1,3,11,100%,
58,Beacon Charter School,58,Beacon Charter School,S,2,IEP,Students with Disabilities,"Achievement & Growth, Graduation",85,98%,1,8,1,85,98%,2,9,1,34,97%,3,19,1,81,0.69,1,81,0.68,1,2,23,57%,1
58,Beacon Charter School,58,Beacon Charter School,S,2,MU7,Two or More Races,Achievement & Growth,40,100%,23,34,1,40,100%,5,21,1,16,100%,19,42,,38,0.63,1,38,0.63,1,3,16,75%,
58,Beacon Charter School,39601,BEACON Charter School,H,3,IEP,Students with Disabilities,Graduation,11,91%,9,9,,11,91%,0,3,,11,91%,0,27,,10,0.40,,10,0.90,,2,21,62%,1
58,Beacon Charter School,39603,Founders Academy,M,1,BL7,Black or African American,Achievement & Growth,30,100%,3,22,1,30,100%,0,21,1,12,100%,17,25,,30,0.80,1,30,0.80,1,,,,
58,Beacon Charter School,39603,Founders Academy,M,1,FRL,Economically Disadvantaged,Achievement & Growth,187,99%,6,22,1,187,99%,3,18,1,62,100%,21,36,1,181,0.71,1,180,0.64,1,,,,
58,Beacon Charter School,39603,Founders Academy,M,1,HI7,Hispanic,Achievement & Growth,116,99%,10,22,1,116,99%,3,16,1,42,100%,19,34,1,114,0.68,1,113,0.71,1,,,,
58,Beacon Charter School,39603,Founders Academy,M,1,IEP,Students with Disabilities,Achievement & Growth,74,99%,0,8,1,74,99%,3,10,1,23,100%,4,14,1,71,0.73,1,71,0.65,1,,,,
58,Beacon Charter School,39603,Founders Academy,M,1,LEP,English Learners,Achievement & Growth,25,100%,4,9,1,25,100%,0,11,1,9,,,,,25,0.80,1,25,0.68,1,,,,
58,Beacon Charter School,39603,Founders Academy,M,1,MU7,Two or More Races,Achievement & Growth,31,100%,13,24,1,31,100%,3,18,1,7,,,,,29,0.55,1,29,0.41,1,,,,
58,Beacon Charter School,39603,Founders Academy,M,1,WH7,White,Achievement & Growth,110,99%,6,25,1,110,100%,5,24,1,36,100%,17,36,1,103,0.75,1,105,0.55,1,,,,
60,MET Career and Tech,60,MET Career and Tech,H,2,IEP,Students with Disabilities,Achievement & Growth,51,96%,14,18,1,51,96%,0,1,1,50,98%,4,26,1,47,0.81,1,47,0.60,1,1,25,96%,5
60,MET Career and Tech,60,MET Career and Tech,H,2,LEP,English Learners,Achievement & Growth,68,100%,12,21,1,68,100%,3,9,1,68,100%,1,25,1,67,0.78,1,67,0.76,1,1,30,97%,5
60,MET Career and Tech,28703,Metropolitan Regional Career and Technical Center,H,2,IEP,Students with Disabilities,Achievement & Growth,51,96%,14,18,1,51,96%,0,1,1,50,98%,4,26,1,47,0.81,1,47,0.60,1,1,24,96%,5
60,MET Career and Tech,28703,Metropolitan Regional Career and Technical Center,H,2,LEP,English Learners,Achievement & Growth,68,100%,12,21,1,68,100%,3,9,1,68,100%,1,25,1,67,0.78,1,67,0.76,1,1,30,97%,5
63,Rhode Island Nurses Institute Middle College,63,Rhode Island Nurses Institute Middle College,H,2,LEP,English Learners,Achievement & Growth,57,100%,7,15,1,57,100%,0,4,1,57,100%,2,27,1,50,0.84,1,50,0.72,1,2,24,75%,2
63,Rhode Island Nurses Institute Middle College,28607,RI Nurses Institute Middle College Charter High Sc,H,2,LEP,English Learners,Achievement & Growth,57,100%,7,15,1,57,100%,0,4,1,57,100%,2,27,1,50,0.84,1,50,0.72,1,2,24,75%,2
64,Village Green Virtual,64,Village Green Virtual,H,1,BL7,Black or African American,Achievement & Growth,27,100%,11,22,1,27,100%,0,6,1,27,100%,4,23,1,27,0.74,1,27,0.59,1,2,30,100%,5
64,Village Green Virtual,64,Village Green Virtual,H,1,FRL,Economically Disadvantaged,Achievement & Growth,89,98%,16,27,1,89,98%,0,8,1,89,97%,2,26,1,82,0.84,1,82,0.60,1,1,53,98%,5
64,Village Green Virtual,28608,Village Green Virtual Charter School,H,1,BL7,Black or African American,Achievement & Growth,27,100%,11,22,1,27,100%,0,6,1,27,100%,4,23,1,27,0.74,1,27,0.59,1,2,30,100%,5
64,Village Green Virtual,28608,Village Green Virtual Charter School,H,1,FRL,Economically Disadvantaged,Achievement & Growth,89,98%,16,27,1,89,98%,0,8,1,89,97%,2,26,1,82,0.84,1,82,0.60,1,1,53,98%,5
69,Nuestro Mundo Public Charter,69,Nuestro Mundo Public Charter,S,3,IEP,Students with Disabilities,Achievement,36,100%,6,15,1,36,100%,3,12,1,8,,,,,19,0.74,,19,0.95,,,,,
69,Nuestro Mundo Public Charter,69601,Nuestro Mundo Public Charter School,S,3,IEP,Students with Disabilities,Achievement,35,100%,6,14,1,35,100%,3,12,1,7,,,,,19,0.74,,19,0.95,,,,,
79,RISE Prep Academy,79,RISE Prep Academy,S,3,BL7,Black or African American,Achievement,20,100%,20,33,1,20,100%,10,30,1,8,,,,,11,0.55,,16,1.06,,,,,
79,RISE Prep Academy,79,RISE Prep Academy,S,3,FRL,Economically Disadvantaged,Achievement & Growth,409,100%,19,36,1,409,99%,19,39,1,127,100%,21,37,1,321,0.68,1,323,0.82,1,,,,
79,RISE Prep Academy,79,RISE Prep Academy,S,3,IEP,Students with Disabilities,Achievement & Growth,81,100%,6,17,1,81,100%,6,21,1,29,100%,7,20,1,64,0.70,1,64,0.78,1,,,,
79,RISE Prep Academy,39602,RISE Prep Lower Academy School,S,3,BL7,Black or African American,Achievement,20,100%,20,33,1,20,100%,10,30,1,8,,,,,11,0.55,,16,1.06,,,,,
79,RISE Prep Academy,39602,RISE Prep Lower Academy School,S,3,FRL,Economically Disadvantaged,Achievement & Growth,409,100%,19,36,1,409,99%,19,39,1,127,100%,21,37,1,321,0.68,1,323,0.82,1,,,,
79,RISE Prep Academy,39602,RISE Prep Lower Academy School,S,3,IEP,Students with Disabilities,Achievement & Growth,81,100%,6,17,1,81,100%,6,21,1,29,100%,7,20,1,64,0.70,1,64,0.78,1,,,,
83,Providence Preparatory Charter,83,Providence Preparatory Charter,M,1,BL7,Black or African American,Achievement & Growth,114,100%,16,30,1,114,100%,9,30,1,50,100%,12,25,1,112,0.68,1,112,0.70,1,,,,
83,Providence Preparatory Charter,83,Providence Preparatory Charter,M,1,FRL,Economically Disadvantaged,Achievement & Growth,385,100%,15,31,1,384,99%,14,34,1,177,99%,15,30,1,373,0.79,1,365,0.76,1,,,,
83,Providence Preparatory Charter,83,Providence Preparatory Charter,M,1,HI7,Hispanic,Achievement & Growth,285,100%,14,30,1,284,100%,16,35,1,128,99%,14,30,1,280,0.81,1,274,0.75,1,,,,
83,Providence Preparatory Charter,83,Providence Preparatory Charter,M,1,LEP,English Learners,Achievement & Growth,106,99%,5,18,1,106,100%,8,27,1,48,98%,9,22,1,103,0.84,1,104,0.81,1,,,,
83,Providence Preparatory Charter,83601,Providence Preparatory Charter School,M,1,BL7,Black or African American,Achievement & Growth,114,100%,16,30,1,114,100%,9,30,1,50,100%,12,25,1,112,0.68,1,112,0.70,1,,,,
83,Providence Preparatory Charter,83601,Providence Preparatory Charter School,M,1,FRL,Economically Disadvantaged,Achievement & Growth,385,100%,15,31,1,384,99%,14,34,1,177,99%,15,30,1,373,0.79,1,365,0.76,1,,,,
83,Providence Preparatory Charter,83601,Providence Preparatory Charter School,M,1,HI7,Hispanic,Achievement & Growth,285,100%,14,30,1,284,100%,16,35,1,128,99%,14,30,1,280,0.81,1,274,0.75,1,,,,
83,Providence Preparatory Charter,83601,Providence Preparatory Charter School,M,1,LEP,English Learners,Achievement & Growth,106,99%,5,18,1,106,100%,8,27,1,48,98%,9,22,1,103,0.84,1,104,0.81,1,,,,
85,YouthBuild Preparatory Academy,85,YouthBuild Preparatory Academy,H,1,BL7,Black or African American,Graduation,14,50%,0,2,,14,50%,0,0,,14,36%,0,7,,7,,,7,,,2,21,48%,1
85,YouthBuild Preparatory Academy,85,YouthBuild Preparatory Academy,H,1,FRL,Economically Disadvantaged,"Achievement, Graduation",47,36%,2,4,1,47,36%,0,1,1,49,29%,2,7,1,12,0.58,,12,0.33,,1,62,44%,1
85,YouthBuild Preparatory Academy,85,YouthBuild Preparatory Academy,H,1,HI7,Hispanic,"Achievement, Graduation",43,37%,5,7,1,43,37%,0,2,1,45,27%,5,10,1,11,0.73,,11,0.27,,1,44,41%,1
85,YouthBuild Preparatory Academy,85701,YouthBuild Preparatory Academy School,H,1,BL7,Black or African American,Graduation,14,50%,0,2,,14,50%,0,0,,14,36%,0,7,,7,,,7,,,2,21,48%,1
85,YouthBuild Preparatory Academy,85701,YouthBuild Preparatory Academy School,H,1,FRL,Economically Disadvantaged,"Achievement, Graduation",45,38%,2,5,1,45,38%,0,1,1,47,30%,2,7,1,12,0.58,,12,0.33,,1,62,44%,1
85,YouthBuild Preparatory Academy,85701,YouthBuild Preparatory Academy School,H,1,HI7,Hispanic,"Achievement, Graduation",41,39%,5,7,1,41,39%,0,2,1,43,28%,5,11,1,11,0.73,,11,0.27,,1,44,41%,1
96,Bristol Warren,96,Bristol Warren,S,3,IEP,Students with Disabilities,Graduation,538,97%,12,27,1,538,97%,12,27,1,211,93%,17,33,1,385,1.01,2,384,0.93,2,1,27,59%,1
96,Bristol Warren,96104,Guiteras School,E,3,IEP,Students with Disabilities,Achievement & Growth,46,96%,16,35,1,46,96%,23,36,1,15,93%,13,27,,29,0.76,1,29,0.72,1,,,,
96,Bristol Warren,96107,Mt. Hope High School,H,4,IEP,Students with Disabilities,Graduation,50,98%,29,39,1,50,98%,4,10,1,49,92%,13,35,1,43,1.30,3,42,0.90,2,1,21,62%,1
97,Exeter-West Greenwich,97,Exeter-West Greenwich,S,3,LEP,English Learners,Achievement,20,100%,10,28,1,20,100%,5,27,1,10,100%,0,17,,14,1.29,,16,0.94,,,4,,
98,Chariho,98107,Hope Valley Elementary School,E,3,IEP,Students with Disabilities,Achievement,28,100%,11,29,1,27,100%,7,27,1,16,,6,25,,16,0.94,,16,1.13,,,,,
98,Chariho,98108,Chariho Alternative Learning Academy,S,1,FRL,Economically Disadvantaged,"Achievement & Growth, Graduation",35,100%,11,23,1,35,100%,3,11,1,20,100%,15,30,1,27,0.74,1,28,0.82,1,3,25,64%,1
98,Chariho,98108,Chariho Alternative Learning Academy,S,1,IEP,Students with Disabilities,Achievement & Growth,44,100%,9,24,1,44,100%,5,15,1,21,100%,10,27,1,36,0.78,1,37,0.70,1,3,17,59%,
98,Chariho,98108,Chariho Alternative Learning Academy,S,1,WH7,White,Achievement & Growth,49,100%,14,26,1,49,100%,4,14,1,31,100%,10,28,1,40,0.80,1,41,0.59,1,2,21,86%,3
99,Foster-Glocester,99102,Ponaganset High School,H,4,IEP,Students with Disabilities,Achievement & Growth,37,89%,11,19,1,37,86%,6,11,1,37,76%,8,27,1,30,0.80,1,29,0.83,1,2,33,82%,3